arrival_time,items_in_cart,start_time,finish_time,wait_time_minutes,service_time_minutes
2025-09-22 09:01:14,48,2025-09-22 09:01:14,2025-09-22 09:04:10,0.0,2.933333333333333
2025-09-22 09:01:29,42,2025-09-22 09:01:29,2025-09-22 09:03:58,0.0,2.4833333333333334
2025-09-22 09:04:16,61,2025-09-22 09:04:16,2025-09-22 09:07:51,0.0,3.5833333333333335
2025-09-22 09:04:49,67,2025-09-22 09:04:49,2025-09-22 09:08:48,0.0,3.9833333333333334
2025-09-22 09:05:18,71,2025-09-22 09:05:18,2025-09-22 09:09:14,0.0,3.933333333333333
2025-09-22 09:06:23,24,2025-09-22 09:06:23,2025-09-22 09:07:55,0.0,1.5333333333333334
2025-09-22 09:06:35,30,2025-09-22 09:06:35,2025-09-22 09:08:29,0.0,1.9
2025-09-22 09:06:53,47,2025-09-22 09:07:51,2025-09-22 09:10:41,0.9666666666666667,2.8333333333333335
2025-09-22 09:06:57,27,2025-09-22 09:07:55,2025-09-22 09:09:43,0.9666666666666667,1.8
2025-09-22 09:07:06,64,2025-09-22 09:08:29,2025-09-22 09:12:16,1.3833333333333333,3.783333333333333
2025-09-22 09:07:45,43,2025-09-22 09:08:48,2025-09-22 09:11:20,1.05,2.533333333333333
2025-09-22 09:08:27,27,2025-09-22 09:09:14,2025-09-22 09:11:11,0.7833333333333333,1.95
2025-09-22 09:08:32,10,2025-09-22 09:09:43,2025-09-22 09:10:49,1.1833333333333333,1.1
2025-09-22 09:08:55,39,2025-09-22 09:10:41,2025-09-22 09:13:06,1.7666666666666666,2.4166666666666665
2025-09-22 09:09:36,23,2025-09-22 09:10:49,2025-09-22 09:12:24,1.2166666666666666,1.5833333333333333
2025-09-22 09:11:45,40,2025-09-22 09:11:45,2025-09-22 09:14:18,0.0,2.55
2025-09-22 09:12:42,16,2025-09-22 09:12:42,2025-09-22 09:13:56,0.0,1.2333333333333334
2025-09-22 09:12:46,19,2025-09-22 09:12:46,2025-09-22 09:14:04,0.0,1.3
2025-09-22 09:14:39,32,2025-09-22 09:14:39,2025-09-22 09:16:52,0.0,2.216666666666667
2025-09-22 09:14:47,29,2025-09-22 09:14:47,2025-09-22 09:16:52,0.0,2.0833333333333335
2025-09-22 09:15:28,11,2025-09-22 09:15:28,2025-09-22 09:16:26,0.0,0.9666666666666667
2025-09-22 09:16:21,67,2025-09-22 09:16:21,2025-09-22 09:20:11,0.0,3.8333333333333335
2025-09-22 09:17:08,2,2025-09-22 09:17:08,2025-09-22 09:17:53,0.0,0.75
2025-09-22 09:17:10,19,2025-09-22 09:17:10,2025-09-22 09:18:39,0.0,1.4833333333333334
2025-09-22 09:17:39,24,2025-09-22 09:17:39,2025-09-22 09:19:17,0.0,1.6333333333333333
2025-09-22 09:17:47,5,2025-09-22 09:17:47,2025-09-22 09:18:30,0.0,0.7166666666666667
2025-09-22 09:18:44,56,2025-09-22 09:18:44,2025-09-22 09:21:55,0.0,3.183333333333333
2025-09-22 09:19:54,27,2025-09-22 09:19:54,2025-09-22 09:21:36,0.0,1.7
2025-09-22 09:21:09,34,2025-09-22 09:21:09,2025-09-22 09:23:20,0.0,2.183333333333333
2025-09-22 09:21:44,11,2025-09-22 09:21:44,2025-09-22 09:22:39,0.0,0.9166666666666666
2025-09-22 09:21:51,62,2025-09-22 09:21:51,2025-09-22 09:25:20,0.0,3.4833333333333334
2025-09-22 09:23:35,4,2025-09-22 09:23:35,2025-09-22 09:24:15,0.0,0.6666666666666666
2025-09-22 09:23:39,26,2025-09-22 09:23:39,2025-09-22 09:25:21,0.0,1.7
2025-09-22 09:23:53,27,2025-09-22 09:23:53,2025-09-22 09:25:37,0.0,1.7333333333333334
2025-09-22 09:24:03,73,2025-09-22 09:24:03,2025-09-22 09:28:05,0.0,4.033333333333333
2025-09-22 09:24:46,45,2025-09-22 09:24:46,2025-09-22 09:27:30,0.0,2.7333333333333334
2025-09-22 09:24:54,23,2025-09-22 09:25:20,2025-09-22 09:26:59,0.43333333333333335,1.65
2025-09-22 09:25:00,73,2025-09-22 09:25:21,2025-09-22 09:29:34,0.35,4.216666666666667
2025-09-22 09:26:35,47,2025-09-22 09:26:35,2025-09-22 09:29:21,0.0,2.7666666666666666
2025-09-22 09:26:39,2,2025-09-22 09:26:59,2025-09-22 09:27:28,0.3333333333333333,0.48333333333333334
2025-09-22 09:28:06,44,2025-09-22 09:28:06,2025-09-22 09:30:39,0.0,2.55
2025-09-22 09:28:48,46,2025-09-22 09:28:48,2025-09-22 09:31:36,0.0,2.8
2025-09-22 09:29:17,69,2025-09-22 09:29:17,2025-09-22 09:33:11,0.0,3.9
2025-09-22 09:29:30,34,2025-09-22 09:29:30,2025-09-22 09:31:49,0.0,2.316666666666667
2025-09-22 09:29:38,19,2025-09-22 09:29:38,2025-09-22 09:31:04,0.0,1.4333333333333333
2025-09-22 09:29:49,63,2025-09-22 09:30:39,2025-09-22 09:34:27,0.8333333333333334,3.8
2025-09-22 09:30:39,2,2025-09-22 09:31:04,2025-09-22 09:31:41,0.4166666666666667,0.6166666666666667
2025-09-22 09:31:13,12,2025-09-22 09:31:36,2025-09-22 09:32:46,0.38333333333333336,1.1666666666666667
2025-09-22 09:31:17,34,2025-09-22 09:31:41,2025-09-22 09:33:53,0.4,2.2
2025-09-22 09:32:05,64,2025-09-22 09:32:05,2025-09-22 09:35:53,0.0,3.8
2025-09-22 09:36:41,46,2025-09-22 09:36:41,2025-09-22 09:39:26,0.0,2.75
2025-09-22 09:36:56,54,2025-09-22 09:36:56,2025-09-22 09:40:13,0.0,3.283333333333333
2025-09-22 09:38:05,51,2025-09-22 09:38:05,2025-09-22 09:41:06,0.0,3.0166666666666666
2025-09-22 09:38:17,21,2025-09-22 09:38:17,2025-09-22 09:39:47,0.0,1.5
2025-09-22 09:38:21,60,2025-09-22 09:38:21,2025-09-22 09:41:51,0.0,3.5
2025-09-22 09:38:34,5,2025-09-22 09:39:26,2025-09-22 09:40:16,0.8666666666666667,0.8333333333333334
2025-09-22 09:38:55,18,2025-09-22 09:39:47,2025-09-22 09:41:06,0.8666666666666667,1.3166666666666667
2025-09-22 09:39:01,27,2025-09-22 09:40:13,2025-09-22 09:41:57,1.2,1.7333333333333334
2025-09-22 09:39:58,70,2025-09-22 09:40:16,2025-09-22 09:44:08,0.3,3.8666666666666667
2025-09-22 09:40:31,28,2025-09-22 09:41:06,2025-09-22 09:43:05,0.5833333333333334,1.9833333333333334
2025-09-22 09:40:37,1,2025-09-22 09:41:06,2025-09-22 09:41:43,0.48333333333333334,0.6166666666666667
2025-09-22 09:41:23,53,2025-09-22 09:41:43,2025-09-22 09:44:46,0.3333333333333333,3.05
2025-09-22 09:41:40,27,2025-09-22 09:41:51,2025-09-22 09:43:51,0.18333333333333332,2.0
2025-09-22 09:41:52,13,2025-09-22 09:41:57,2025-09-22 09:43:15,0.08333333333333333,1.3
2025-09-22 09:42:09,38,2025-09-22 09:43:05,2025-09-22 09:45:37,0.9333333333333333,2.533333333333333
2025-09-22 09:42:38,37,2025-09-22 09:43:15,2025-09-22 09:45:36,0.6166666666666667,2.35
2025-09-22 09:42:41,70,2025-09-22 09:43:51,2025-09-22 09:47:58,1.1666666666666667,4.116666666666666
2025-09-22 09:44:11,58,2025-09-22 09:44:11,2025-09-22 09:47:36,0.0,3.4166666666666665
2025-09-22 09:44:36,50,2025-09-22 09:44:46,2025-09-22 09:47:49,0.16666666666666666,3.05
2025-09-22 09:47:18,21,2025-09-22 09:47:18,2025-09-22 09:48:42,0.0,1.4
2025-09-22 09:48:56,61,2025-09-22 09:48:56,2025-09-22 09:52:35,0.0,3.65
2025-09-22 09:49:52,66,2025-09-22 09:49:52,2025-09-22 09:53:44,0.0,3.8666666666666667
2025-09-22 09:50:53,64,2025-09-22 09:50:53,2025-09-22 09:54:40,0.0,3.783333333333333
2025-09-22 09:51:00,55,2025-09-22 09:51:00,2025-09-22 09:54:10,0.0,3.1666666666666665
2025-09-22 09:51:30,19,2025-09-22 09:51:30,2025-09-22 09:52:58,0.0,1.4666666666666666
2025-09-22 09:51:54,64,2025-09-22 09:52:35,2025-09-22 09:56:13,0.6833333333333333,3.6333333333333333
2025-09-22 09:54:37,1,2025-09-22 09:54:37,2025-09-22 09:55:04,0.0,0.45
2025-09-22 09:55:10,70,2025-09-22 09:55:10,2025-09-22 09:59:04,0.0,3.9
2025-09-22 09:55:43,5,2025-09-22 09:55:43,2025-09-22 09:56:36,0.0,0.8833333333333333
2025-09-22 09:56:25,62,2025-09-22 09:56:25,2025-09-22 10:00:00,0.0,3.5833333333333335
2025-09-22 09:56:29,36,2025-09-22 09:56:29,2025-09-22 09:58:46,0.0,2.283333333333333
2025-09-22 09:56:41,56,2025-09-22 09:56:41,2025-09-22 10:00:08,0.0,3.45
2025-09-22 09:57:56,27,2025-09-22 09:57:56,2025-09-22 09:59:51,0.0,1.9166666666666667
2025-09-22 09:58:31,29,2025-09-22 09:58:46,2025-09-22 10:00:43,0.25,1.95
2025-09-22 09:58:32,37,2025-09-22 09:59:04,2025-09-22 10:01:17,0.5333333333333333,2.216666666666667
2025-09-22 09:58:41,29,2025-09-22 09:59:51,2025-09-22 10:01:57,1.1666666666666667,2.1
2025-09-22 09:59:00,43,2025-09-22 10:00:00,2025-09-22 10:02:43,1.0,2.716666666666667
2025-09-22 09:59:25,8,2025-09-22 10:00:08,2025-09-22 10:00:57,0.7166666666666667,0.8166666666666667
2025-09-22 09:59:54,65,2025-09-22 10:00:43,2025-09-22 10:04:30,0.8166666666666667,3.783333333333333
2025-09-22 09:59:59,72,2025-09-22 10:00:57,2025-09-22 10:04:53,0.9666666666666667,3.933333333333333
2025-09-22 10:00:12,63,2025-09-22 10:01:17,2025-09-22 10:04:56,1.0833333333333333,3.65
2025-09-22 10:00:18,34,2025-09-22 10:01:57,2025-09-22 10:04:18,1.65,2.35
2025-09-22 10:00:36,34,2025-09-22 10:02:43,2025-09-22 10:05:04,2.1166666666666667,2.35
2025-09-22 10:02:48,7,2025-09-22 10:04:18,2025-09-22 10:05:09,1.5,0.85
2025-09-22 10:02:51,51,2025-09-22 10:04:30,2025-09-22 10:07:40,1.65,3.1666666666666665
2025-09-22 10:03:08,48,2025-09-22 10:04:53,2025-09-22 10:07:38,1.75,2.75
2025-09-22 10:04:29,38,2025-09-22 10:04:56,2025-09-22 10:07:24,0.45,2.466666666666667
2025-09-22 10:05:18,4,2025-09-22 10:05:18,2025-09-22 10:05:54,0.0,0.6
2025-09-22 10:05:21,4,2025-09-22 10:05:21,2025-09-22 10:06:00,0.0,0.65
2025-09-22 10:06:29,67,2025-09-22 10:06:29,2025-09-22 10:10:19,0.0,3.8333333333333335
2025-09-22 10:06:30,48,2025-09-22 10:06:30,2025-09-22 10:09:26,0.0,2.933333333333333
2025-09-22 10:06:30,66,2025-09-22 10:07:24,2025-09-22 10:11:21,0.9,3.95
2025-09-22 10:07:35,22,2025-09-22 10:07:38,2025-09-22 10:09:09,0.05,1.5166666666666666
2025-09-22 10:07:53,33,2025-09-22 10:07:53,2025-09-22 10:10:05,0.0,2.2
2025-09-22 10:07:54,65,2025-09-22 10:09:09,2025-09-22 10:12:57,1.25,3.8
2025-09-22 10:08:15,41,2025-09-22 10:09:26,2025-09-22 10:12:00,1.1833333333333333,2.566666666666667
2025-09-22 10:08:50,7,2025-09-22 10:10:05,2025-09-22 10:10:52,1.25,0.7833333333333333
2025-09-22 10:09:12,15,2025-09-22 10:10:19,2025-09-22 10:11:37,1.1166666666666667,1.3
2025-09-22 10:10:01,53,2025-09-22 10:10:52,2025-09-22 10:14:06,0.85,3.2333333333333334
2025-09-22 10:10:21,46,2025-09-22 10:11:21,2025-09-22 10:14:01,1.0,2.6666666666666665
2025-09-22 10:10:30,49,2025-09-22 10:11:37,2025-09-22 10:14:37,1.1166666666666667,3.0
2025-09-22 10:10:35,55,2025-09-22 10:12:00,2025-09-22 10:15:08,1.4166666666666667,3.1333333333333333
2025-09-22 10:10:54,21,2025-09-22 10:12:57,2025-09-22 10:14:31,2.05,1.5666666666666667
2025-09-22 10:10:57,63,2025-09-22 10:14:01,2025-09-22 10:17:45,3.066666666666667,3.7333333333333334
2025-09-22 10:11:37,59,2025-09-22 10:14:06,2025-09-22 10:17:27,2.4833333333333334,3.35
2025-09-22 10:11:53,10,2025-09-22 10:14:31,2025-09-22 10:15:30,2.6333333333333333,0.9833333333333333
2025-09-22 10:12:31,59,2025-09-22 10:14:37,2025-09-22 10:18:06,2.1,3.4833333333333334
2025-09-22 10:13:43,62,2025-09-22 10:15:08,2025-09-22 10:18:39,1.4166666666666667,3.5166666666666666
2025-09-22 10:13:59,34,2025-09-22 10:15:30,2025-09-22 10:17:48,1.5166666666666666,2.3
2025-09-22 10:16:13,16,2025-09-22 10:17:27,2025-09-22 10:18:40,1.2333333333333334,1.2166666666666666
2025-09-22 10:16:54,40,2025-09-22 10:17:45,2025-09-22 10:20:11,0.85,2.433333333333333
2025-09-22 10:18:59,61,2025-09-22 10:18:59,2025-09-22 10:22:22,0.0,3.3833333333333333
2025-09-22 10:19:23,65,2025-09-22 10:19:23,2025-09-22 10:22:59,0.0,3.6
2025-09-22 10:20:06,28,2025-09-22 10:20:06,2025-09-22 10:21:52,0.0,1.7666666666666666
2025-09-22 10:20:15,4,2025-09-22 10:20:15,2025-09-22 10:20:48,0.0,0.55
2025-09-22 10:21:01,6,2025-09-22 10:21:01,2025-09-22 10:21:39,0.0,0.6333333333333333
2025-09-22 10:22:21,37,2025-09-22 10:22:21,2025-09-22 10:24:33,0.0,2.2
2025-09-22 10:22:27,65,2025-09-22 10:22:27,2025-09-22 10:26:16,0.0,3.816666666666667
2025-09-22 10:23:01,47,2025-09-22 10:23:01,2025-09-22 10:25:56,0.0,2.9166666666666665
2025-09-22 10:23:09,8,2025-09-22 10:23:09,2025-09-22 10:23:58,0.0,0.8166666666666667
2025-09-22 10:24:11,43,2025-09-22 10:24:11,2025-09-22 10:26:46,0.0,2.5833333333333335
2025-09-22 10:25:16,58,2025-09-22 10:25:16,2025-09-22 10:28:45,0.0,3.4833333333333334
2025-09-22 10:27:47,70,2025-09-22 10:27:47,2025-09-22 10:31:54,0.0,4.116666666666666
2025-09-22 10:28:24,58,2025-09-22 10:28:24,2025-09-22 10:31:43,0.0,3.316666666666667
2025-09-22 10:28:48,51,2025-09-22 10:28:48,2025-09-22 10:31:48,0.0,3.0
2025-09-22 10:29:39,72,2025-09-22 10:29:39,2025-09-22 10:33:45,0.0,4.1
2025-09-22 10:30:38,40,2025-09-22 10:30:38,2025-09-22 10:33:05,0.0,2.45
2025-09-22 10:30:47,10,2025-09-22 10:31:43,2025-09-22 10:32:33,0.9333333333333333,0.8333333333333334
2025-09-22 10:31:39,39,2025-09-22 10:31:48,2025-09-22 10:34:06,0.15,2.3
2025-09-22 10:33:51,41,2025-09-22 10:33:51,2025-09-22 10:36:31,0.0,2.6666666666666665
2025-09-22 10:35:59,61,2025-09-22 10:35:59,2025-09-22 10:39:24,0.0,3.4166666666666665
2025-09-22 10:36:17,67,2025-09-22 10:36:17,2025-09-22 10:40:03,0.0,3.7666666666666666
2025-09-22 10:36:52,26,2025-09-22 10:36:52,2025-09-22 10:38:44,0.0,1.8666666666666667
2025-09-22 10:36:58,26,2025-09-22 10:36:58,2025-09-22 10:38:43,0.0,1.75
2025-09-22 10:37:26,68,2025-09-22 10:37:26,2025-09-22 10:41:27,0.0,4.016666666666667
2025-09-22 10:37:34,66,2025-09-22 10:38:43,2025-09-22 10:42:22,1.15,3.65
2025-09-22 10:37:36,55,2025-09-22 10:38:44,2025-09-22 10:42:05,1.1333333333333333,3.35
2025-09-22 10:37:57,60,2025-09-22 10:39:24,2025-09-22 10:43:02,1.45,3.6333333333333333
2025-09-22 10:38:55,63,2025-09-22 10:40:03,2025-09-22 10:43:37,1.1333333333333333,3.566666666666667
2025-09-22 10:39:10,42,2025-09-22 10:41:27,2025-09-22 10:43:56,2.283333333333333,2.4833333333333334
2025-09-22 10:39:11,51,2025-09-22 10:42:05,2025-09-22 10:45:11,2.9,3.1
2025-09-22 10:40:55,69,2025-09-22 10:42:22,2025-09-22 10:46:22,1.45,4.0
2025-09-22 10:41:24,7,2025-09-22 10:43:02,2025-09-22 10:43:59,1.6333333333333333,0.95
2025-09-22 10:41:33,65,2025-09-22 10:43:37,2025-09-22 10:47:21,2.066666666666667,3.7333333333333334
2025-09-22 10:42:07,1,2025-09-22 10:43:56,2025-09-22 10:44:21,1.8166666666666667,0.4166666666666667
2025-09-22 10:42:12,11,2025-09-22 10:43:59,2025-09-22 10:44:53,1.7833333333333334,0.9
2025-09-22 10:43:26,3,2025-09-22 10:44:21,2025-09-22 10:44:57,0.9166666666666666,0.6
2025-09-22 10:43:41,5,2025-09-22 10:44:53,2025-09-22 10:45:41,1.2,0.8
2025-09-22 10:43:45,61,2025-09-22 10:44:57,2025-09-22 10:48:26,1.2,3.4833333333333334
2025-09-22 10:44:14,49,2025-09-22 10:45:11,2025-09-22 10:47:58,0.95,2.783333333333333
2025-09-22 10:44:19,66,2025-09-22 10:45:41,2025-09-22 10:49:36,1.3666666666666667,3.9166666666666665
2025-09-22 10:44:33,10,2025-09-22 10:46:22,2025-09-22 10:47:24,1.8166666666666667,1.0333333333333334
2025-09-22 10:44:37,8,2025-09-22 10:47:21,2025-09-22 10:48:10,2.7333333333333334,0.8166666666666667
2025-09-22 10:45:04,40,2025-09-22 10:47:24,2025-09-22 10:49:46,2.3333333333333335,2.3666666666666667
2025-09-22 10:47:32,16,2025-09-22 10:47:58,2025-09-22 10:49:19,0.43333333333333335,1.35
2025-09-22 10:48:23,57,2025-09-22 10:48:23,2025-09-22 10:51:52,0.0,3.4833333333333334
2025-09-22 10:48:50,73,2025-09-22 10:48:50,2025-09-22 10:52:58,0.0,4.133333333333334
2025-09-22 10:49:13,5,2025-09-22 10:49:19,2025-09-22 10:50:10,0.1,0.85
2025-09-22 10:49:37,16,2025-09-22 10:49:37,2025-09-22 10:50:55,0.0,1.3
2025-09-22 10:50:33,21,2025-09-22 10:50:33,2025-09-22 10:52:02,0.0,1.4833333333333334
2025-09-22 10:51:01,17,2025-09-22 10:51:01,2025-09-22 10:52:31,0.0,1.5
2025-09-22 10:51:03,47,2025-09-22 10:51:03,2025-09-22 10:54:03,0.0,3.0
2025-09-22 10:51:03,8,2025-09-22 10:51:52,2025-09-22 10:52:52,0.8166666666666667,1.0
2025-09-22 10:51:33,65,2025-09-22 10:52:02,2025-09-22 10:55:52,0.48333333333333334,3.8333333333333335
2025-09-22 10:51:41,22,2025-09-22 10:52:31,2025-09-22 10:54:05,0.8333333333333334,1.5666666666666667
2025-09-22 10:52:56,1,2025-09-22 10:52:56,2025-09-22 10:53:27,0.0,0.5166666666666667
2025-09-22 10:53:04,41,2025-09-22 10:53:04,2025-09-22 10:55:35,0.0,2.5166666666666666
2025-09-22 10:53:36,7,2025-09-22 10:53:36,2025-09-22 10:54:25,0.0,0.8166666666666667
2025-09-22 10:54:22,63,2025-09-22 10:54:22,2025-09-22 10:58:03,0.0,3.683333333333333
2025-09-22 10:55:09,49,2025-09-22 10:55:09,2025-09-22 10:58:05,0.0,2.933333333333333
2025-09-22 10:55:57,18,2025-09-22 10:55:57,2025-09-22 10:57:29,0.0,1.5333333333333334
2025-09-22 10:56:10,47,2025-09-22 10:56:10,2025-09-22 10:58:59,0.0,2.816666666666667
2025-09-22 10:56:29,59,2025-09-22 10:56:29,2025-09-22 11:00:02,0.0,3.55
2025-09-22 10:56:35,64,2025-09-22 10:57:29,2025-09-22 11:01:03,0.9,3.566666666666667
2025-09-22 10:56:48,55,2025-09-22 10:58:03,2025-09-22 11:01:20,1.25,3.283333333333333
2025-09-22 10:57:16,50,2025-09-22 10:58:05,2025-09-22 11:00:57,0.8166666666666667,2.8666666666666667
2025-09-22 10:58:50,62,2025-09-22 10:58:59,2025-09-22 11:02:37,0.15,3.6333333333333333
2025-09-22 10:59:16,59,2025-09-22 11:00:02,2025-09-22 11:03:24,0.7666666666666667,3.3666666666666667
2025-09-22 10:59:19,11,2025-09-22 11:00:57,2025-09-22 11:01:58,1.6333333333333333,1.0166666666666666
2025-09-22 10:59:35,16,2025-09-22 11:01:03,2025-09-22 11:02:22,1.4666666666666666,1.3166666666666667
2025-09-22 10:59:45,39,2025-09-22 11:01:20,2025-09-22 11:03:45,1.5833333333333333,2.4166666666666665
2025-09-22 10:59:45,30,2025-09-22 11:01:58,2025-09-22 11:04:03,2.216666666666667,2.0833333333333335
2025-09-22 11:00:43,50,2025-09-22 11:02:22,2025-09-22 11:05:24,1.65,3.033333333333333
2025-09-22 11:01:11,22,2025-09-22 11:02:37,2025-09-22 11:04:21,1.4333333333333333,1.7333333333333334
2025-09-22 11:02:15,48,2025-09-22 11:03:24,2025-09-22 11:06:19,1.15,2.9166666666666665
2025-09-22 11:02:25,69,2025-09-22 11:03:45,2025-09-22 11:07:34,1.3333333333333333,3.816666666666667
2025-09-22 11:03:39,56,2025-09-22 11:04:03,2025-09-22 11:07:15,0.4,3.2
2025-09-22 11:03:42,29,2025-09-22 11:04:21,2025-09-22 11:06:25,0.65,2.066666666666667
2025-09-22 11:05:58,68,2025-09-22 11:05:58,2025-09-22 11:09:54,0.0,3.933333333333333
2025-09-22 11:07:42,53,2025-09-22 11:07:42,2025-09-22 11:10:52,0.0,3.1666666666666665
2025-09-22 11:08:25,25,2025-09-22 11:08:25,2025-09-22 11:10:16,0.0,1.85
2025-09-22 11:08:40,25,2025-09-22 11:08:40,2025-09-22 11:10:29,0.0,1.8166666666666667
2025-09-22 11:08:44,36,2025-09-22 11:08:44,2025-09-22 11:11:07,0.0,2.3833333333333333
2025-09-22 11:09:34,34,2025-09-22 11:09:54,2025-09-22 11:12:04,0.3333333333333333,2.1666666666666665
2025-09-22 11:09:42,7,2025-09-22 11:10:16,2025-09-22 11:11:11,0.5666666666666667,0.9166666666666666
2025-09-22 11:09:52,55,2025-09-22 11:10:29,2025-09-22 11:13:36,0.6166666666666667,3.1166666666666667
2025-09-22 11:10:02,60,2025-09-22 11:10:52,2025-09-22 11:14:25,0.8333333333333334,3.55
2025-09-22 11:10:08,52,2025-09-22 11:11:07,2025-09-22 11:14:16,0.9833333333333333,3.15
2025-09-22 11:10:47,41,2025-09-22 11:11:11,2025-09-22 11:13:46,0.4,2.5833333333333335
2025-09-22 11:11:03,59,2025-09-22 11:12:04,2025-09-22 11:15:27,1.0166666666666666,3.3833333333333333
2025-09-22 11:11:30,41,2025-09-22 11:13:36,2025-09-22 11:16:11,2.1,2.5833333333333335
2025-09-22 11:13:00,21,2025-09-22 11:13:46,2025-09-22 11:15:25,0.7666666666666667,1.65
2025-09-22 11:15:03,2,2025-09-22 11:15:03,2025-09-22 11:15:40,0.0,0.6166666666666667
2025-09-22 11:15:18,17,2025-09-22 11:15:18,2025-09-22 11:16:37,0.0,1.3166666666666667
2025-09-22 11:16:17,5,2025-09-22 11:16:17,2025-09-22 11:16:53,0.0,0.6
2025-09-22 11:17:44,69,2025-09-22 11:17:44,2025-09-22 11:21:36,0.0,3.8666666666666667
2025-09-22 11:17:58,74,2025-09-22 11:17:58,2025-09-22 11:22:02,0.0,4.066666666666666
2025-09-22 11:18:33,63,2025-09-22 11:18:33,2025-09-22 11:22:08,0.0,3.5833333333333335
2025-09-22 11:18:48,17,2025-09-22 11:18:48,2025-09-22 11:20:02,0.0,1.2333333333333334
2025-09-22 11:18:51,50,2025-09-22 11:18:51,2025-09-22 11:21:55,0.0,3.066666666666667
2025-09-22 11:18:58,61,2025-09-22 11:20:02,2025-09-22 11:23:28,1.0666666666666667,3.433333333333333
2025-09-22 11:20:05,48,2025-09-22 11:21:36,2025-09-22 11:24:25,1.5166666666666666,2.816666666666667
2025-09-22 11:20:29,73,2025-09-22 11:21:55,2025-09-22 11:26:09,1.4333333333333333,4.233333333333333
2025-09-22 11:20:29,35,2025-09-22 11:22:02,2025-09-22 11:24:17,1.55,2.25
2025-09-22 11:21:50,6,2025-09-22 11:22:08,2025-09-22 11:22:57,0.3,0.8166666666666667
2025-09-22 11:22:33,15,2025-09-22 11:22:57,2025-09-22 11:24:14,0.4,1.2833333333333334
2025-09-22 11:22:48,44,2025-09-22 11:23:28,2025-09-22 11:26:08,0.6666666666666666,2.6666666666666665
2025-09-22 11:22:51,57,2025-09-22 11:24:14,2025-09-22 11:27:43,1.3833333333333333,3.4833333333333334
2025-09-22 11:23:11,67,2025-09-22 11:24:17,2025-09-22 11:28:15,1.1,3.966666666666667
2025-09-22 11:23:26,13,2025-09-22 11:24:25,2025-09-22 11:25:40,0.9833333333333333,1.25
2025-09-22 11:23:40,6,2025-09-22 11:25:40,2025-09-22 11:26:29,2.0,0.8166666666666667
2025-09-22 11:24:42,33,2025-09-22 11:26:08,2025-09-22 11:28:17,1.4333333333333333,2.15
2025-09-22 11:26:44,37,2025-09-22 11:26:44,2025-09-22 11:29:14,0.0,2.5
2025-09-22 11:26:55,67,2025-09-22 11:26:55,2025-09-22 11:30:41,0.0,3.7666666666666666
2025-09-22 11:28:49,12,2025-09-22 11:28:49,2025-09-22 11:30:04,0.0,1.25
2025-09-22 11:29:29,37,2025-09-22 11:29:29,2025-09-22 11:31:54,0.0,2.4166666666666665
2025-09-22 11:30:47,65,2025-09-22 11:30:47,2025-09-22 11:34:30,0.0,3.716666666666667
2025-09-22 11:32:00,38,2025-09-22 11:32:00,2025-09-22 11:34:16,0.0,2.2666666666666666
2025-09-22 11:32:13,29,2025-09-22 11:32:13,2025-09-22 11:34:19,0.0,2.1
2025-09-22 11:32:36,43,2025-09-22 11:32:36,2025-09-22 11:35:13,0.0,2.6166666666666667
2025-09-22 11:32:48,1,2025-09-22 11:32:48,2025-09-22 11:33:13,0.0,0.4166666666666667
2025-09-22 11:32:49,44,2025-09-22 11:33:13,2025-09-22 11:36:03,0.4,2.8333333333333335
2025-09-22 11:33:18,8,2025-09-22 11:34:16,2025-09-22 11:35:14,0.9666666666666667,0.9666666666666667
2025-09-22 11:34:00,1,2025-09-22 11:34:19,2025-09-22 11:34:55,0.31666666666666665,0.6
2025-09-22 11:34:31,7,2025-09-22 11:34:31,2025-09-22 11:35:12,0.0,0.6833333333333333
2025-09-22 11:34:36,71,2025-09-22 11:34:55,2025-09-22 11:38:50,0.31666666666666665,3.9166666666666665
2025-09-22 11:34:57,74,2025-09-22 11:35:12,2025-09-22 11:39:31,0.25,4.316666666666666
2025-09-22 11:35:15,72,2025-09-22 11:35:15,2025-09-22 11:39:20,0.0,4.083333333333333
2025-09-22 11:35:15,1,2025-09-22 11:35:15,2025-09-22 11:35:57,0.0,0.7
2025-09-22 11:37:12,35,2025-09-22 11:37:12,2025-09-22 11:39:20,0.0,2.1333333333333333
2025-09-22 11:37:42,28,2025-09-22 11:37:42,2025-09-22 11:39:35,0.0,1.8833333333333333
2025-09-22 11:38:27,26,2025-09-22 11:38:50,2025-09-22 11:40:45,0.38333333333333336,1.9166666666666667
2025-09-22 11:38:53,39,2025-09-22 11:39:20,2025-09-22 11:41:46,0.45,2.433333333333333
2025-09-22 11:39:22,49,2025-09-22 11:39:22,2025-09-22 11:42:13,0.0,2.85
2025-09-22 11:41:18,71,2025-09-22 11:41:18,2025-09-22 11:45:14,0.0,3.933333333333333
2025-09-22 11:42:37,31,2025-09-22 11:42:37,2025-09-22 11:44:42,0.0,2.0833333333333335
2025-09-22 11:43:57,55,2025-09-22 11:43:57,2025-09-22 11:47:03,0.0,3.1
2025-09-22 11:44:17,59,2025-09-22 11:44:17,2025-09-22 11:47:52,0.0,3.5833333333333335
2025-09-22 11:45:03,62,2025-09-22 11:45:03,2025-09-22 11:48:45,0.0,3.7
2025-09-22 11:46:39,69,2025-09-22 11:46:39,2025-09-22 11:50:38,0.0,3.9833333333333334
2025-09-22 11:46:59,1,2025-09-22 11:46:59,2025-09-22 11:47:33,0.0,0.5666666666666667
2025-09-22 11:47:38,73,2025-09-22 11:47:38,2025-09-22 11:51:46,0.0,4.133333333333334
2025-09-22 11:49:12,2,2025-09-22 11:49:12,2025-09-22 11:49:56,0.0,0.7333333333333333
2025-09-22 11:50:31,2,2025-09-22 11:50:31,2025-09-22 11:51:07,0.0,0.6
2025-09-22 11:51:17,7,2025-09-22 11:51:17,2025-09-22 11:52:12,0.0,0.9166666666666666
2025-09-22 11:52:09,56,2025-09-22 11:52:09,2025-09-22 11:55:20,0.0,3.183333333333333
2025-09-22 11:52:43,70,2025-09-22 11:52:43,2025-09-22 11:56:33,0.0,3.8333333333333335
2025-09-22 11:53:40,50,2025-09-22 11:53:40,2025-09-22 11:56:32,0.0,2.8666666666666667
2025-09-22 11:53:55,27,2025-09-22 11:53:55,2025-09-22 11:55:45,0.0,1.8333333333333333
2025-09-22 11:54:45,26,2025-09-22 11:54:45,2025-09-22 11:56:28,0.0,1.7166666666666666
2025-09-22 11:55:29,21,2025-09-22 11:55:29,2025-09-22 11:57:09,0.0,1.6666666666666667
2025-09-22 11:56:07,53,2025-09-22 11:56:07,2025-09-22 11:59:16,0.0,3.15
2025-09-22 11:57:24,67,2025-09-22 11:57:24,2025-09-22 12:01:07,0.0,3.716666666666667
2025-09-22 11:58:07,15,2025-09-22 11:58:07,2025-09-22 11:59:21,0.0,1.2333333333333334
2025-09-22 11:58:11,52,2025-09-22 11:58:11,2025-09-22 12:01:24,0.0,3.216666666666667
2025-09-22 11:59:34,1,2025-09-22 11:59:34,2025-09-22 12:00:04,0.0,0.5
2025-09-22 11:59:52,29,2025-09-22 11:59:52,2025-09-22 12:01:53,0.0,2.0166666666666666
2025-09-22 12:00:11,25,2025-09-22 12:00:11,2025-09-22 12:01:55,0.0,1.7333333333333334
2025-09-22 12:01:35,33,2025-09-22 12:01:35,2025-09-22 12:03:45,0.0,2.1666666666666665
2025-09-22 12:03:05,49,2025-09-22 12:03:05,2025-09-22 12:05:52,0.0,2.783333333333333
2025-09-22 12:03:41,9,2025-09-22 12:03:41,2025-09-22 12:04:46,0.0,1.0833333333333333
2025-09-22 12:04:27,46,2025-09-22 12:04:27,2025-09-22 12:07:07,0.0,2.6666666666666665
2025-09-22 12:04:40,36,2025-09-22 12:04:40,2025-09-22 12:07:00,0.0,2.3333333333333335
2025-09-22 12:04:59,42,2025-09-22 12:04:59,2025-09-22 12:07:39,0.0,2.6666666666666665
2025-09-22 12:05:09,34,2025-09-22 12:05:09,2025-09-22 12:07:16,0.0,2.1166666666666667
2025-09-22 12:05:52,38,2025-09-22 12:05:52,2025-09-22 12:08:08,0.0,2.2666666666666666
2025-09-22 12:05:54,47,2025-09-22 12:07:00,2025-09-22 12:09:46,1.1,2.7666666666666666
2025-09-22 12:09:57,42,2025-09-22 12:09:57,2025-09-22 12:12:42,0.0,2.75
2025-09-22 12:10:08,16,2025-09-22 12:10:08,2025-09-22 12:11:26,0.0,1.3
2025-09-22 12:10:46,18,2025-09-22 12:10:46,2025-09-22 12:12:06,0.0,1.3333333333333333
2025-09-22 12:11:04,69,2025-09-22 12:11:04,2025-09-22 12:15:05,0.0,4.016666666666667
2025-09-22 12:11:51,35,2025-09-22 12:11:51,2025-09-22 12:14:14,0.0,2.3833333333333333
2025-09-22 12:12:40,3,2025-09-22 12:12:40,2025-09-22 12:13:24,0.0,0.7333333333333333
2025-09-22 12:13:09,42,2025-09-22 12:13:09,2025-09-22 12:15:38,0.0,2.4833333333333334
2025-09-22 12:13:50,7,2025-09-22 12:13:50,2025-09-22 12:14:34,0.0,0.7333333333333333
2025-09-22 12:14:32,11,2025-09-22 12:14:32,2025-09-22 12:15:44,0.0,1.2
2025-09-22 12:16:07,6,2025-09-22 12:16:07,2025-09-22 12:16:57,0.0,0.8333333333333334
2025-09-22 12:16:09,30,2025-09-22 12:16:09,2025-09-22 12:18:10,0.0,2.0166666666666666
2025-09-22 12:17:44,57,2025-09-22 12:17:44,2025-09-22 12:21:08,0.0,3.4
2025-09-22 12:18:40,3,2025-09-22 12:18:40,2025-09-22 12:19:14,0.0,0.5666666666666667
2025-09-22 12:19:17,8,2025-09-22 12:19:17,2025-09-22 12:20:02,0.0,0.75
2025-09-22 12:21:47,33,2025-09-22 12:21:47,2025-09-22 12:23:56,0.0,2.15
2025-09-22 12:22:00,16,2025-09-22 12:22:00,2025-09-22 12:23:14,0.0,1.2333333333333334
2025-09-22 12:22:16,42,2025-09-22 12:22:16,2025-09-22 12:24:51,0.0,2.5833333333333335
2025-09-22 12:22:25,54,2025-09-22 12:22:25,2025-09-22 12:25:31,0.0,3.1
2025-09-22 12:23:08,68,2025-09-22 12:23:08,2025-09-22 12:26:54,0.0,3.7666666666666666
2025-09-22 12:25:08,70,2025-09-22 12:25:08,2025-09-22 12:28:58,0.0,3.8333333333333335
2025-09-22 12:25:45,49,2025-09-22 12:25:45,2025-09-22 12:28:48,0.0,3.05
2025-09-22 12:25:57,21,2025-09-22 12:25:57,2025-09-22 12:27:28,0.0,1.5166666666666666
2025-09-22 12:26:47,39,2025-09-22 12:26:47,2025-09-22 12:29:04,0.0,2.283333333333333
2025-09-22 12:27:13,42,2025-09-22 12:27:13,2025-09-22 12:29:42,0.0,2.4833333333333334
2025-09-22 12:29:58,61,2025-09-22 12:29:58,2025-09-22 12:33:36,0.0,3.6333333333333333
2025-09-22 12:30:42,57,2025-09-22 12:30:42,2025-09-22 12:33:58,0.0,3.2666666666666666
2025-09-22 12:31:42,62,2025-09-22 12:31:42,2025-09-22 12:35:21,0.0,3.65
2025-09-22 12:31:59,64,2025-09-22 12:31:59,2025-09-22 12:35:32,0.0,3.55
2025-09-22 12:32:15,6,2025-09-22 12:32:15,2025-09-22 12:33:03,0.0,0.8
2025-09-22 12:33:22,72,2025-09-22 12:33:22,2025-09-22 12:37:22,0.0,4.0
2025-09-22 12:34:37,64,2025-09-22 12:34:37,2025-09-22 12:38:26,0.0,3.816666666666667
2025-09-22 12:34:45,55,2025-09-22 12:34:45,2025-09-22 12:38:01,0.0,3.2666666666666666
2025-09-22 12:35:24,11,2025-09-22 12:35:24,2025-09-22 12:36:17,0.0,0.8833333333333333
2025-09-22 12:36:35,28,2025-09-22 12:36:35,2025-09-22 12:38:32,0.0,1.95
2025-09-22 12:36:57,68,2025-09-22 12:36:57,2025-09-22 12:40:45,0.0,3.8
2025-09-22 12:36:57,18,2025-09-22 12:37:22,2025-09-22 12:38:37,0.4166666666666667,1.25
2025-09-22 12:37:00,70,2025-09-22 12:38:01,2025-09-22 12:42:01,1.0166666666666666,4.0
2025-09-22 12:39:44,66,2025-09-22 12:39:44,2025-09-22 12:43:32,0.0,3.8
2025-09-22 12:40:54,40,2025-09-22 12:40:54,2025-09-22 12:43:32,0.0,2.6333333333333333
2025-09-22 12:41:09,15,2025-09-22 12:41:09,2025-09-22 12:42:18,0.0,1.15
2025-09-22 12:41:48,20,2025-09-22 12:41:48,2025-09-22 12:43:19,0.0,1.5166666666666666
2025-09-22 12:41:55,28,2025-09-22 12:42:01,2025-09-22 12:44:00,0.1,1.9833333333333334
2025-09-22 12:43:08,63,2025-09-22 12:43:08,2025-09-22 12:46:48,0.0,3.6666666666666665
2025-09-22 12:43:09,10,2025-09-22 12:43:19,2025-09-22 12:44:13,0.16666666666666666,0.9
2025-09-22 12:44:07,63,2025-09-22 12:44:07,2025-09-22 12:47:54,0.0,3.783333333333333
2025-09-22 12:44:18,1,2025-09-22 12:44:18,2025-09-22 12:44:53,0.0,0.5833333333333334
2025-09-22 12:44:50,56,2025-09-22 12:44:50,2025-09-22 12:48:16,0.0,3.433333333333333
2025-09-22 12:45:01,33,2025-09-22 12:45:01,2025-09-22 12:47:13,0.0,2.2
2025-09-22 12:46:13,24,2025-09-22 12:46:13,2025-09-22 12:47:56,0.0,1.7166666666666666
2025-09-22 12:46:37,26,2025-09-22 12:46:48,2025-09-22 12:48:32,0.18333333333333332,1.7333333333333334
2025-09-22 12:46:46,37,2025-09-22 12:47:13,2025-09-22 12:49:28,0.45,2.25
2025-09-22 12:47:23,30,2025-09-22 12:47:54,2025-09-22 12:50:01,0.5166666666666667,2.1166666666666667
2025-09-22 12:47:46,40,2025-09-22 12:47:56,2025-09-22 12:50:19,0.16666666666666666,2.3833333333333333
2025-09-22 12:48:43,61,2025-09-22 12:48:43,2025-09-22 12:52:11,0.0,3.466666666666667
2025-09-22 12:49:54,60,2025-09-22 12:49:54,2025-09-22 12:53:25,0.0,3.5166666666666666
2025-09-22 12:51:25,63,2025-09-22 12:51:25,2025-09-22 12:55:03,0.0,3.6333333333333333
2025-09-22 12:52:28,40,2025-09-22 12:52:28,2025-09-22 12:54:53,0.0,2.4166666666666665
2025-09-22 12:52:57,72,2025-09-22 12:52:57,2025-09-22 12:57:10,0.0,4.216666666666667
2025-09-22 12:53:16,13,2025-09-22 12:53:16,2025-09-22 12:54:18,0.0,1.0333333333333334
2025-09-22 12:55:04,49,2025-09-22 12:55:04,2025-09-22 12:57:51,0.0,2.783333333333333
2025-09-22 12:55:13,67,2025-09-22 12:55:13,2025-09-22 12:59:10,0.0,3.95
2025-09-22 12:55:41,41,2025-09-22 12:55:41,2025-09-22 12:58:23,0.0,2.7
2025-09-22 12:55:45,57,2025-09-22 12:55:45,2025-09-22 12:58:58,0.0,3.216666666666667
2025-09-22 12:55:47,52,2025-09-22 12:57:10,2025-09-22 13:00:19,1.3833333333333333,3.15
2025-09-22 12:57:10,25,2025-09-22 12:57:51,2025-09-22 12:59:38,0.6833333333333333,1.7833333333333334
2025-09-22 12:57:57,57,2025-09-22 12:58:23,2025-09-22 13:01:52,0.43333333333333335,3.4833333333333334
2025-09-22 12:58:48,25,2025-09-22 12:58:58,2025-09-22 13:00:37,0.16666666666666666,1.65
2025-09-22 12:59:13,15,2025-09-22 12:59:13,2025-09-22 13:00:19,0.0,1.1
2025-09-22 12:59:18,32,2025-09-22 12:59:38,2025-09-22 13:01:53,0.3333333333333333,2.25
2025-09-22 13:00:31,3,2025-09-22 13:00:31,2025-09-22 13:01:14,0.0,0.7166666666666667
2025-09-22 13:00:46,57,2025-09-22 13:00:46,2025-09-22 13:04:12,0.0,3.433333333333333
2025-09-22 13:00:48,1,2025-09-22 13:00:48,2025-09-22 13:01:11,0.0,0.38333333333333336
2025-09-22 13:01:09,18,2025-09-22 13:01:11,2025-09-22 13:02:41,0.03333333333333333,1.5
2025-09-22 13:01:11,26,2025-09-22 13:01:14,2025-09-22 13:03:10,0.05,1.9333333333333333
2025-09-22 13:01:50,38,2025-09-22 13:01:52,2025-09-22 13:04:08,0.03333333333333333,2.2666666666666666
2025-09-22 13:02:56,63,2025-09-22 13:02:56,2025-09-22 13:06:34,0.0,3.6333333333333333
2025-09-22 13:03:02,50,2025-09-22 13:03:02,2025-09-22 13:05:55,0.0,2.8833333333333333
2025-09-22 13:04:16,71,2025-09-22 13:04:16,2025-09-22 13:08:15,0.0,3.9833333333333334
2025-09-22 13:05:03,41,2025-09-22 13:05:03,2025-09-22 13:07:29,0.0,2.433333333333333
2025-09-22 13:05:52,68,2025-09-22 13:05:52,2025-09-22 13:09:53,0.0,4.016666666666667
2025-09-22 13:05:58,23,2025-09-22 13:05:58,2025-09-22 13:07:46,0.0,1.8
2025-09-22 13:07:22,64,2025-09-22 13:07:22,2025-09-22 13:11:02,0.0,3.6666666666666665
2025-09-22 13:07:46,36,2025-09-22 13:07:46,2025-09-22 13:10:00,0.0,2.2333333333333334
2025-09-22 13:07:48,64,2025-09-22 13:07:48,2025-09-22 13:11:32,0.0,3.7333333333333334
2025-09-22 13:08:50,58,2025-09-22 13:08:50,2025-09-22 13:12:21,0.0,3.5166666666666666
2025-09-22 13:11:44,15,2025-09-22 13:11:44,2025-09-22 13:13:05,0.0,1.35
2025-09-22 13:11:54,57,2025-09-22 13:11:54,2025-09-22 13:15:19,0.0,3.4166666666666665
2025-09-22 13:11:55,45,2025-09-22 13:11:55,2025-09-22 13:14:38,0.0,2.716666666666667
2025-09-22 13:12:01,41,2025-09-22 13:12:01,2025-09-22 13:14:36,0.0,2.5833333333333335
2025-09-22 13:12:17,68,2025-09-22 13:12:21,2025-09-22 13:16:10,0.06666666666666667,3.816666666666667
2025-09-22 13:12:57,62,2025-09-22 13:13:05,2025-09-22 13:16:40,0.13333333333333333,3.5833333333333335
2025-09-22 13:15:30,58,2025-09-22 13:15:30,2025-09-22 13:18:52,0.0,3.3666666666666667
2025-09-22 13:15:55,66,2025-09-22 13:15:55,2025-09-22 13:19:39,0.0,3.7333333333333334
2025-09-22 13:16:22,3,2025-09-22 13:16:22,2025-09-22 13:16:55,0.0,0.55
2025-09-22 13:16:24,51,2025-09-22 13:16:24,2025-09-22 13:19:35,0.0,3.183333333333333
2025-09-22 13:16:46,41,2025-09-22 13:16:46,2025-09-22 13:19:09,0.0,2.3833333333333333
2025-09-22 13:16:54,44,2025-09-22 13:16:55,2025-09-22 13:19:44,0.016666666666666666,2.816666666666667
2025-09-22 13:17:08,58,2025-09-22 13:18:52,2025-09-22 13:22:08,1.7333333333333334,3.2666666666666666
2025-09-22 13:19:41,56,2025-09-22 13:19:41,2025-09-22 13:22:59,0.0,3.3
2025-09-22 13:23:48,27,2025-09-22 13:23:48,2025-09-22 13:25:38,0.0,1.8333333333333333
2025-09-22 13:25:04,74,2025-09-22 13:25:04,2025-09-22 13:29:23,0.0,4.316666666666666
2025-09-22 13:25:28,74,2025-09-22 13:25:28,2025-09-22 13:29:41,0.0,4.216666666666667
2025-09-22 13:25:50,30,2025-09-22 13:25:50,2025-09-22 13:27:51,0.0,2.0166666666666666
2025-09-22 13:26:58,51,2025-09-22 13:26:58,2025-09-22 13:30:10,0.0,3.2
2025-09-22 13:28:06,12,2025-09-22 13:28:06,2025-09-22 13:29:13,0.0,1.1166666666666667
2025-09-22 13:30:23,49,2025-09-22 13:30:23,2025-09-22 13:33:29,0.0,3.1
2025-09-22 13:30:35,54,2025-09-22 13:30:35,2025-09-22 13:33:46,0.0,3.183333333333333
2025-09-22 13:30:45,52,2025-09-22 13:30:45,2025-09-22 13:33:53,0.0,3.1333333333333333
2025-09-22 13:30:58,17,2025-09-22 13:30:58,2025-09-22 13:32:24,0.0,1.4333333333333333
2025-09-22 13:31:32,57,2025-09-22 13:31:32,2025-09-22 13:34:46,0.0,3.2333333333333334
2025-09-22 13:32:06,73,2025-09-22 13:32:24,2025-09-22 13:36:24,0.3,4.0
2025-09-22 13:32:14,12,2025-09-22 13:33:29,2025-09-22 13:34:41,1.25,1.2
2025-09-22 13:32:22,54,2025-09-22 13:33:46,2025-09-22 13:37:03,1.4,3.283333333333333
2025-09-22 13:32:45,67,2025-09-22 13:33:53,2025-09-22 13:37:53,1.1333333333333333,4.0
2025-09-22 13:32:54,19,2025-09-22 13:34:41,2025-09-22 13:36:14,1.7833333333333334,1.55
2025-09-22 13:33:21,10,2025-09-22 13:34:46,2025-09-22 13:35:50,1.4166666666666667,1.0666666666666667
2025-09-22 13:33:24,37,2025-09-22 13:35:50,2025-09-22 13:38:17,2.433333333333333,2.45
2025-09-22 13:34:12,47,2025-09-22 13:36:14,2025-09-22 13:39:07,2.033333333333333,2.8833333333333333
2025-09-22 13:34:45,42,2025-09-22 13:36:24,2025-09-22 13:39:02,1.65,2.6333333333333333
2025-09-22 13:34:48,38,2025-09-22 13:37:03,2025-09-22 13:39:18,2.25,2.25
2025-09-22 13:34:55,44,2025-09-22 13:37:53,2025-09-22 13:40:27,2.966666666666667,2.566666666666667
2025-09-22 13:34:55,9,2025-09-22 13:38:17,2025-09-22 13:39:14,3.3666666666666667,0.95
2025-09-22 13:36:46,59,2025-09-22 13:39:02,2025-09-22 13:42:37,2.2666666666666666,3.5833333333333335
2025-09-22 13:36:47,73,2025-09-22 13:39:07,2025-09-22 13:43:24,2.3333333333333335,4.283333333333333
2025-09-22 13:37:00,56,2025-09-22 13:39:14,2025-09-22 13:42:26,2.2333333333333334,3.2
2025-09-22 13:37:02,71,2025-09-22 13:39:18,2025-09-22 13:43:29,2.2666666666666666,4.183333333333334
2025-09-22 13:37:06,63,2025-09-22 13:40:27,2025-09-22 13:43:59,3.35,3.533333333333333
2025-09-22 13:37:28,23,2025-09-22 13:42:26,2025-09-22 13:44:06,4.966666666666667,1.6666666666666667
2025-09-22 13:37:31,24,2025-09-22 13:42:37,2025-09-22 13:44:16,5.1,1.65
2025-09-22 13:37:54,63,2025-09-22 13:43:24,2025-09-22 13:46:59,5.5,3.5833333333333335
2025-09-22 13:39:58,25,2025-09-22 13:43:29,2025-09-22 13:45:23,3.5166666666666666,1.9
2025-09-22 13:41:37,1,2025-09-22 13:43:59,2025-09-22 13:44:31,2.3666666666666667,0.5333333333333333
2025-09-22 13:43:11,14,2025-09-22 13:44:06,2025-09-22 13:45:23,0.9166666666666666,1.2833333333333334
2025-09-22 13:44:01,26,2025-09-22 13:44:16,2025-09-22 13:46:04,0.25,1.8
2025-09-22 13:46:29,73,2025-09-22 13:46:29,2025-09-22 13:50:30,0.0,4.016666666666667
2025-09-22 13:46:52,67,2025-09-22 13:46:52,2025-09-22 13:50:48,0.0,3.933333333333333
2025-09-22 13:49:11,22,2025-09-22 13:49:11,2025-09-22 13:50:45,0.0,1.5666666666666667
2025-09-22 13:49:14,41,2025-09-22 13:49:14,2025-09-22 13:51:49,0.0,2.5833333333333335
2025-09-22 13:49:42,28,2025-09-22 13:49:42,2025-09-22 13:51:29,0.0,1.7833333333333334
2025-09-22 13:50:01,42,2025-09-22 13:50:30,2025-09-22 13:53:05,0.48333333333333334,2.5833333333333335
2025-09-22 13:50:15,65,2025-09-22 13:50:45,2025-09-22 13:54:25,0.5,3.6666666666666665
2025-09-22 13:50:37,65,2025-09-22 13:50:48,2025-09-22 13:54:36,0.18333333333333332,3.8
2025-09-22 13:51:24,52,2025-09-22 13:51:29,2025-09-22 13:54:30,0.08333333333333333,3.0166666666666666
2025-09-22 13:51:30,14,2025-09-22 13:51:49,2025-09-22 13:52:51,0.31666666666666665,1.0333333333333334
2025-09-22 13:52:36,58,2025-09-22 13:52:51,2025-09-22 13:56:16,0.25,3.4166666666666665
2025-09-22 13:53:53,44,2025-09-22 13:53:53,2025-09-22 13:56:28,0.0,2.5833333333333335
2025-09-22 13:54:11,52,2025-09-22 13:54:25,2025-09-22 13:57:28,0.23333333333333334,3.05
2025-09-22 13:55:26,26,2025-09-22 13:55:26,2025-09-22 13:57:21,0.0,1.9166666666666667
2025-09-22 13:56:01,64,2025-09-22 13:56:01,2025-09-22 13:59:41,0.0,3.6666666666666665
2025-09-22 13:57:23,34,2025-09-22 13:57:23,2025-09-22 13:59:29,0.0,2.1
2025-09-22 13:57:26,38,2025-09-22 13:57:26,2025-09-22 13:59:58,0.0,2.533333333333333
2025-09-22 13:58:36,48,2025-09-22 13:58:36,2025-09-22 14:01:25,0.0,2.816666666666667
2025-09-22 13:59:00,71,2025-09-22 13:59:00,2025-09-22 14:02:55,0.0,3.9166666666666665
2025-09-22 13:59:13,50,2025-09-22 13:59:29,2025-09-22 14:02:31,0.26666666666666666,3.033333333333333
2025-09-22 13:59:25,3,2025-09-22 13:59:41,2025-09-22 14:00:15,0.26666666666666666,0.5666666666666667
2025-09-22 13:59:28,32,2025-09-22 13:59:58,2025-09-22 14:02:01,0.5,2.05
2025-09-22 13:59:44,33,2025-09-22 14:00:15,2025-09-22 14:02:18,0.5166666666666667,2.05
2025-09-22 13:59:47,1,2025-09-22 14:01:25,2025-09-22 14:02:07,1.6333333333333333,0.7
2025-09-22 13:59:55,5,2025-09-22 14:02:01,2025-09-22 14:02:38,2.1,0.6166666666666667
2025-09-22 14:01:14,11,2025-09-22 14:02:07,2025-09-22 14:03:12,0.8833333333333333,1.0833333333333333
2025-09-22 14:02:20,17,2025-09-22 14:02:20,2025-09-22 14:03:39,0.0,1.3166666666666667
2025-09-22 14:02:39,74,2025-09-22 14:02:39,2025-09-22 14:06:56,0.0,4.283333333333333
2025-09-22 14:03:12,17,2025-09-22 14:03:12,2025-09-22 14:04:28,0.0,1.2666666666666666
2025-09-22 14:03:29,24,2025-09-22 14:03:29,2025-09-22 14:05:05,0.0,1.6
2025-09-22 14:04:17,35,2025-09-22 14:04:17,2025-09-22 14:06:39,0.0,2.3666666666666667
2025-09-22 14:04:19,59,2025-09-22 14:04:19,2025-09-22 14:07:38,0.0,3.316666666666667
2025-09-22 14:04:37,46,2025-09-22 14:04:37,2025-09-22 14:07:26,0.0,2.816666666666667
2025-09-22 14:05:01,19,2025-09-22 14:05:05,2025-09-22 14:06:38,0.06666666666666667,1.55
2025-09-22 14:06:56,61,2025-09-22 14:06:56,2025-09-22 14:10:33,0.0,3.6166666666666667
2025-09-22 14:06:59,64,2025-09-22 14:06:59,2025-09-22 14:10:49,0.0,3.8333333333333335
2025-09-22 14:07:26,37,2025-09-22 14:07:26,2025-09-22 14:09:50,0.0,2.4
2025-09-22 14:08:03,74,2025-09-22 14:08:03,2025-09-22 14:12:06,0.0,4.05
2025-09-22 14:09:05,33,2025-09-22 14:09:05,2025-09-22 14:11:15,0.0,2.1666666666666665
2025-09-22 14:10:05,28,2025-09-22 14:10:05,2025-09-22 14:11:56,0.0,1.85
2025-09-22 14:10:29,37,2025-09-22 14:10:33,2025-09-22 14:12:49,0.06666666666666667,2.2666666666666666
2025-09-22 14:11:09,34,2025-09-22 14:11:09,2025-09-22 14:13:30,0.0,2.35
2025-09-22 14:13:42,50,2025-09-22 14:13:42,2025-09-22 14:16:50,0.0,3.1333333333333333
2025-09-22 14:14:24,46,2025-09-22 14:14:24,2025-09-22 14:17:13,0.0,2.816666666666667
2025-09-22 14:15:19,64,2025-09-22 14:15:19,2025-09-22 14:18:54,0.0,3.5833333333333335
2025-09-22 14:15:27,34,2025-09-22 14:15:27,2025-09-22 14:17:32,0.0,2.0833333333333335
2025-09-22 14:15:29,40,2025-09-22 14:15:29,2025-09-22 14:17:53,0.0,2.4
2025-09-22 14:16:11,38,2025-09-22 14:16:50,2025-09-22 14:19:11,0.65,2.35
2025-09-22 14:18:15,21,2025-09-22 14:18:15,2025-09-22 14:19:41,0.0,1.4333333333333333
2025-09-22 14:19:29,63,2025-09-22 14:19:29,2025-09-22 14:23:14,0.0,3.75
2025-09-22 14:20:55,60,2025-09-22 14:20:55,2025-09-22 14:24:18,0.0,3.3833333333333333
2025-09-22 14:22:42,74,2025-09-22 14:22:42,2025-09-22 14:26:59,0.0,4.283333333333333
2025-09-22 14:24:30,21,2025-09-22 14:24:30,2025-09-22 14:25:53,0.0,1.3833333333333333
2025-09-22 14:24:44,30,2025-09-22 14:24:44,2025-09-22 14:26:36,0.0,1.8666666666666667
2025-09-22 14:25:32,56,2025-09-22 14:25:32,2025-09-22 14:28:53,0.0,3.35
2025-09-22 14:25:37,14,2025-09-22 14:25:37,2025-09-22 14:26:50,0.0,1.2166666666666666
2025-09-22 14:25:38,59,2025-09-22 14:25:53,2025-09-22 14:29:11,0.25,3.3
2025-09-22 14:25:56,17,2025-09-22 14:26:36,2025-09-22 14:27:53,0.6666666666666666,1.2833333333333334
2025-09-22 14:26:14,40,2025-09-22 14:26:50,2025-09-22 14:29:20,0.6,2.5
2025-09-22 14:26:48,13,2025-09-22 14:26:59,2025-09-22 14:28:09,0.18333333333333332,1.1666666666666667
2025-09-22 14:27:35,7,2025-09-22 14:27:53,2025-09-22 14:28:36,0.3,0.7166666666666667
2025-09-22 14:28:41,32,2025-09-22 14:28:41,2025-09-22 14:30:37,0.0,1.9333333333333333
2025-09-22 14:29:38,33,2025-09-22 14:29:38,2025-09-22 14:31:38,0.0,2.0
2025-09-22 14:30:06,68,2025-09-22 14:30:06,2025-09-22 14:34:07,0.0,4.016666666666667
2025-09-22 14:31:10,73,2025-09-22 14:31:10,2025-09-22 14:35:24,0.0,4.233333333333333
2025-09-22 14:31:57,52,2025-09-22 14:31:57,2025-09-22 14:34:57,0.0,3.0
2025-09-22 14:33:07,27,2025-09-22 14:33:07,2025-09-22 14:35:00,0.0,1.8833333333333333
2025-09-22 14:33:32,47,2025-09-22 14:33:32,2025-09-22 14:36:20,0.0,2.8
2025-09-22 14:34:24,28,2025-09-22 14:34:24,2025-09-22 14:36:16,0.0,1.8666666666666667
2025-09-22 14:36:21,71,2025-09-22 14:36:21,2025-09-22 14:40:27,0.0,4.1
2025-09-22 14:36:37,30,2025-09-22 14:36:37,2025-09-22 14:38:27,0.0,1.8333333333333333
2025-09-22 14:38:50,48,2025-09-22 14:38:50,2025-09-22 14:41:48,0.0,2.966666666666667
2025-09-22 14:39:21,61,2025-09-22 14:39:21,2025-09-22 14:42:47,0.0,3.433333333333333
2025-09-22 14:39:25,74,2025-09-22 14:39:25,2025-09-22 14:43:38,0.0,4.216666666666667
2025-09-22 14:39:56,50,2025-09-22 14:39:56,2025-09-22 14:42:46,0.0,2.8333333333333335
2025-09-22 14:40:08,32,2025-09-22 14:40:27,2025-09-22 14:42:28,0.31666666666666665,2.0166666666666666
2025-09-22 14:40:26,53,2025-09-22 14:41:48,2025-09-22 14:44:49,1.3666666666666667,3.0166666666666666
2025-09-22 14:40:40,9,2025-09-22 14:42:28,2025-09-22 14:43:31,1.8,1.05
2025-09-22 14:41:26,38,2025-09-22 14:42:46,2025-09-22 14:45:17,1.3333333333333333,2.5166666666666666
2025-09-22 14:41:32,21,2025-09-22 14:42:47,2025-09-22 14:44:13,1.25,1.4333333333333333
2025-09-22 14:41:51,50,2025-09-22 14:43:31,2025-09-22 14:46:26,1.6666666666666667,2.9166666666666665
2025-09-22 14:42:53,7,2025-09-22 14:43:38,2025-09-22 14:44:21,0.75,0.7166666666666667
2025-09-22 14:43:01,59,2025-09-22 14:44:13,2025-09-22 14:47:41,1.2,3.466666666666667
2025-09-22 14:44:10,23,2025-09-22 14:44:21,2025-09-22 14:45:54,0.18333333333333332,1.55
2025-09-22 14:44:22,9,2025-09-22 14:44:49,2025-09-22 14:45:48,0.45,0.9833333333333333
2025-09-22 14:45:26,56,2025-09-22 14:45:26,2025-09-22 14:48:43,0.0,3.283333333333333
2025-09-22 14:45:38,33,2025-09-22 14:45:48,2025-09-22 14:48:06,0.16666666666666666,2.3
2025-09-22 14:46:58,49,2025-09-22 14:46:58,2025-09-22 14:49:47,0.0,2.816666666666667
2025-09-22 14:47:22,46,2025-09-22 14:47:22,2025-09-22 14:50:15,0.0,2.8833333333333333
2025-09-22 14:47:25,57,2025-09-22 14:47:41,2025-09-22 14:50:54,0.26666666666666666,3.216666666666667
2025-09-22 14:48:25,46,2025-09-22 14:48:25,2025-09-22 14:51:11,0.0,2.7666666666666666
2025-09-22 14:49:01,60,2025-09-22 14:49:01,2025-09-22 14:52:24,0.0,3.3833333333333333
2025-09-22 14:49:16,56,2025-09-22 14:49:47,2025-09-22 14:52:59,0.5166666666666667,3.2
2025-09-22 14:49:30,51,2025-09-22 14:50:15,2025-09-22 14:53:20,0.75,3.0833333333333335
2025-09-22 14:49:55,65,2025-09-22 14:50:54,2025-09-22 14:54:47,0.9833333333333333,3.8833333333333333
2025-09-22 14:50:45,10,2025-09-22 14:51:11,2025-09-22 14:52:03,0.43333333333333335,0.8666666666666667
2025-09-22 14:51:26,16,2025-09-22 14:52:03,2025-09-22 14:53:21,0.6166666666666667,1.3
2025-09-22 14:52:53,38,2025-09-22 14:52:53,2025-09-22 14:55:20,0.0,2.45
2025-09-22 14:52:55,54,2025-09-22 14:52:59,2025-09-22 14:56:17,0.06666666666666667,3.3
2025-09-22 14:53:43,52,2025-09-22 14:53:43,2025-09-22 14:56:58,0.0,3.25
2025-09-22 14:56:08,36,2025-09-22 14:56:08,2025-09-22 14:58:26,0.0,2.3
2025-09-22 14:56:08,74,2025-09-22 14:56:08,2025-09-22 15:00:26,0.0,4.3
2025-09-22 14:58:44,26,2025-09-22 14:58:44,2025-09-22 15:00:35,0.0,1.85
2025-09-22 14:59:11,49,2025-09-22 14:59:11,2025-09-22 15:02:01,0.0,2.8333333333333335
2025-09-22 14:59:37,12,2025-09-22 14:59:37,2025-09-22 15:00:40,0.0,1.05
2025-09-22 14:59:53,56,2025-09-22 14:59:53,2025-09-22 15:03:03,0.0,3.1666666666666665
2025-09-22 14:59:57,33,2025-09-22 15:00:26,2025-09-22 15:02:36,0.48333333333333334,2.1666666666666665
2025-09-22 14:59:59,26,2025-09-22 15:00:35,2025-09-22 15:02:27,0.6,1.8666666666666667
2025-09-22 15:00:10,33,2025-09-22 15:00:40,2025-09-22 15:02:47,0.5,2.1166666666666667
2025-09-22 15:00:13,7,2025-09-22 15:02:01,2025-09-22 15:03:00,1.8,0.9833333333333333
2025-09-22 15:00:24,21,2025-09-22 15:02:27,2025-09-22 15:03:59,2.05,1.5333333333333334
2025-09-22 15:00:30,26,2025-09-22 15:02:36,2025-09-22 15:04:28,2.1,1.8666666666666667
2025-09-22 15:00:30,63,2025-09-22 15:02:47,2025-09-22 15:06:20,2.283333333333333,3.55
2025-09-22 15:01:41,4,2025-09-22 15:03:00,2025-09-22 15:03:36,1.3166666666666667,0.6
2025-09-22 15:02:02,60,2025-09-22 15:03:03,2025-09-22 15:06:37,1.0166666666666666,3.566666666666667
2025-09-22 15:03:01,55,2025-09-22 15:03:36,2025-09-22 15:07:00,0.5833333333333334,3.4
2025-09-22 15:04:26,25,2025-09-22 15:04:26,2025-09-22 15:06:09,0.0,1.7166666666666666
2025-09-22 15:04:30,20,2025-09-22 15:04:30,2025-09-22 15:06:03,0.0,1.55
2025-09-22 15:05:00,60,2025-09-22 15:06:03,2025-09-22 15:09:31,1.05,3.466666666666667
2025-09-22 15:06:00,49,2025-09-22 15:06:09,2025-09-22 15:08:57,0.15,2.8
2025-09-22 15:06:44,16,2025-09-22 15:06:44,2025-09-22 15:08:03,0.0,1.3166666666666667
2025-09-22 15:07:49,29,2025-09-22 15:07:49,2025-09-22 15:09:52,0.0,2.05
2025-09-22 15:08:41,40,2025-09-22 15:08:41,2025-09-22 15:11:15,0.0,2.566666666666667
2025-09-22 15:09:11,55,2025-09-22 15:09:11,2025-09-22 15:12:17,0.0,3.1
2025-09-22 15:09:30,43,2025-09-22 15:09:30,2025-09-22 15:12:02,0.0,2.533333333333333
2025-09-22 15:10:00,6,2025-09-22 15:10:00,2025-09-22 15:10:57,0.0,0.95
2025-09-22 15:10:17,26,2025-09-22 15:10:17,2025-09-22 15:11:56,0.0,1.65
2025-09-22 15:10:48,54,2025-09-22 15:10:57,2025-09-22 15:14:10,0.15,3.216666666666667
2025-09-22 15:10:49,26,2025-09-22 15:11:15,2025-09-22 15:13:06,0.43333333333333335,1.85
2025-09-22 15:10:57,52,2025-09-22 15:11:56,2025-09-22 15:14:52,0.9833333333333333,2.933333333333333
2025-09-22 15:11:12,6,2025-09-22 15:12:02,2025-09-22 15:12:49,0.8333333333333334,0.7833333333333333
2025-09-22 15:11:15,6,2025-09-22 15:12:17,2025-09-22 15:13:05,1.0333333333333334,0.8
2025-09-22 15:12:26,33,2025-09-22 15:12:49,2025-09-22 15:14:52,0.38333333333333336,2.05
2025-09-22 15:13:26,44,2025-09-22 15:13:26,2025-09-22 15:16:06,0.0,2.6666666666666665
2025-09-22 15:14:05,32,2025-09-22 15:14:05,2025-09-22 15:16:06,0.0,2.0166666666666666
2025-09-22 15:14:54,30,2025-09-22 15:14:54,2025-09-22 15:16:52,0.0,1.9666666666666666
2025-09-22 15:15:28,45,2025-09-22 15:15:28,2025-09-22 15:18:20,0.0,2.8666666666666667
2025-09-22 15:15:37,61,2025-09-22 15:15:37,2025-09-22 15:19:19,0.0,3.7
2025-09-22 15:16:45,48,2025-09-22 15:16:45,2025-09-22 15:19:39,0.0,2.9
2025-09-22 15:16:56,72,2025-09-22 15:16:56,2025-09-22 15:21:09,0.0,4.216666666666667
2025-09-22 15:17:54,73,2025-09-22 15:17:54,2025-09-22 15:22:00,0.0,4.1
2025-09-22 15:20:34,21,2025-09-22 15:20:34,2025-09-22 15:22:08,0.0,1.5666666666666667
2025-09-22 15:20:41,23,2025-09-22 15:20:41,2025-09-22 15:22:15,0.0,1.5666666666666667
2025-09-22 15:20:49,40,2025-09-22 15:20:49,2025-09-22 15:23:14,0.0,2.4166666666666665
2025-09-22 15:21:47,40,2025-09-22 15:21:47,2025-09-22 15:24:15,0.0,2.466666666666667
2025-09-22 15:23:16,4,2025-09-22 15:23:16,2025-09-22 15:23:58,0.0,0.7
2025-09-22 15:23:22,13,2025-09-22 15:23:22,2025-09-22 15:24:38,0.0,1.2666666666666666
2025-09-22 15:23:42,8,2025-09-22 15:23:42,2025-09-22 15:24:43,0.0,1.0166666666666666
2025-09-22 15:23:52,14,2025-09-22 15:23:52,2025-09-22 15:25:01,0.0,1.15
2025-09-22 15:25:15,6,2025-09-22 15:25:15,2025-09-22 15:26:04,0.0,0.8166666666666667
2025-09-22 15:25:18,48,2025-09-22 15:25:18,2025-09-22 15:28:08,0.0,2.8333333333333335
2025-09-22 15:25:46,48,2025-09-22 15:25:46,2025-09-22 15:28:35,0.0,2.816666666666667
2025-09-22 15:27:00,3,2025-09-22 15:27:00,2025-09-22 15:27:44,0.0,0.7333333333333333
2025-09-22 15:27:00,34,2025-09-22 15:27:00,2025-09-22 15:29:06,0.0,2.1
2025-09-22 15:27:11,60,2025-09-22 15:27:11,2025-09-22 15:30:48,0.0,3.6166666666666667
2025-09-22 15:27:31,62,2025-09-22 15:27:44,2025-09-22 15:31:22,0.21666666666666667,3.6333333333333333
2025-09-22 15:27:57,55,2025-09-22 15:28:08,2025-09-22 15:31:21,0.18333333333333332,3.216666666666667
2025-09-22 15:30:10,7,2025-09-22 15:30:10,2025-09-22 15:31:02,0.0,0.8666666666666667
2025-09-22 15:30:21,61,2025-09-22 15:30:21,2025-09-22 15:33:49,0.0,3.466666666666667
2025-09-22 15:30:54,29,2025-09-22 15:30:54,2025-09-22 15:32:53,0.0,1.9833333333333334
2025-09-22 15:31:48,60,2025-09-22 15:31:48,2025-09-22 15:35:12,0.0,3.4
2025-09-22 15:33:05,34,2025-09-22 15:33:05,2025-09-22 15:35:07,0.0,2.033333333333333
2025-09-22 15:34:08,20,2025-09-22 15:34:08,2025-09-22 15:35:39,0.0,1.5166666666666666
2025-09-22 15:35:11,30,2025-09-22 15:35:11,2025-09-22 15:37:15,0.0,2.066666666666667
2025-09-22 15:37:07,40,2025-09-22 15:37:07,2025-09-22 15:39:39,0.0,2.533333333333333
2025-09-22 15:38:16,66,2025-09-22 15:38:16,2025-09-22 15:41:54,0.0,3.6333333333333333
2025-09-22 15:38:53,31,2025-09-22 15:38:53,2025-09-22 15:40:58,0.0,2.0833333333333335
2025-09-22 15:39:07,47,2025-09-22 15:39:07,2025-09-22 15:41:52,0.0,2.75
2025-09-22 15:39:41,31,2025-09-22 15:39:41,2025-09-22 15:41:52,0.0,2.183333333333333
2025-09-22 15:39:55,55,2025-09-22 15:39:55,2025-09-22 15:43:11,0.0,3.2666666666666666
2025-09-22 15:40:05,60,2025-09-22 15:40:58,2025-09-22 15:44:35,0.8833333333333333,3.6166666666666667
2025-09-22 15:41:31,35,2025-09-22 15:41:52,2025-09-22 15:44:09,0.35,2.283333333333333
2025-09-22 15:41:32,50,2025-09-22 15:41:52,2025-09-22 15:44:52,0.3333333333333333,3.0
2025-09-22 15:41:54,17,2025-09-22 15:41:54,2025-09-22 15:43:17,0.0,1.3833333333333333
2025-09-22 15:42:48,73,2025-09-22 15:43:11,2025-09-22 15:47:12,0.38333333333333336,4.016666666666667
2025-09-22 15:42:59,36,2025-09-22 15:43:17,2025-09-22 15:45:36,0.3,2.316666666666667
2025-09-22 15:43:35,1,2025-09-22 15:44:09,2025-09-22 15:44:33,0.5666666666666667,0.4
2025-09-22 15:44:05,66,2025-09-22 15:44:33,2025-09-22 15:48:30,0.4666666666666667,3.95
2025-09-22 15:45:24,70,2025-09-22 15:45:24,2025-09-22 15:49:32,0.0,4.133333333333334
2025-09-22 15:46:36,69,2025-09-22 15:46:36,2025-09-22 15:50:37,0.0,4.016666666666667
2025-09-22 15:46:59,15,2025-09-22 15:46:59,2025-09-22 15:48:05,0.0,1.1
2025-09-22 15:47:14,54,2025-09-22 15:47:14,2025-09-22 15:50:30,0.0,3.2666666666666666
2025-09-22 15:47:16,8,2025-09-22 15:48:05,2025-09-22 15:48:49,0.8166666666666667,0.7333333333333333
2025-09-22 15:48:41,50,2025-09-22 15:48:41,2025-09-22 15:51:32,0.0,2.85
2025-09-22 15:48:44,61,2025-09-22 15:48:49,2025-09-22 15:52:16,0.08333333333333333,3.45
2025-09-22 15:48:46,36,2025-09-22 15:49:32,2025-09-22 15:51:49,0.7666666666666667,2.283333333333333
2025-09-22 15:48:58,7,2025-09-22 15:50:30,2025-09-22 15:51:20,1.5333333333333334,0.8333333333333334
2025-09-22 15:50:02,6,2025-09-22 15:50:37,2025-09-22 15:51:28,0.5833333333333334,0.85
2025-09-22 15:50:51,27,2025-09-22 15:51:20,2025-09-22 15:53:08,0.48333333333333334,1.8
2025-09-22 15:51:24,15,2025-09-22 15:51:28,2025-09-22 15:52:37,0.06666666666666667,1.15
2025-09-22 15:52:08,36,2025-09-22 15:52:08,2025-09-22 15:54:31,0.0,2.3833333333333333
2025-09-22 15:53:09,46,2025-09-22 15:53:09,2025-09-22 15:55:56,0.0,2.783333333333333
2025-09-22 15:53:13,66,2025-09-22 15:53:13,2025-09-22 15:57:00,0.0,3.783333333333333
2025-09-22 15:54:41,43,2025-09-22 15:54:41,2025-09-22 15:57:20,0.0,2.65
2025-09-22 15:54:47,55,2025-09-22 15:54:47,2025-09-22 15:58:08,0.0,3.35
2025-09-22 15:54:54,70,2025-09-22 15:54:54,2025-09-22 15:58:48,0.0,3.9
2025-09-22 15:55:22,40,2025-09-22 15:55:56,2025-09-22 15:58:19,0.5666666666666667,2.3833333333333333
2025-09-22 15:55:42,18,2025-09-22 15:57:00,2025-09-22 15:58:18,1.3,1.3
2025-09-22 15:55:45,71,2025-09-22 15:57:20,2025-09-22 16:01:32,1.5833333333333333,4.2
2025-09-22 15:57:16,14,2025-09-22 15:58:08,2025-09-22 15:59:12,0.8666666666666667,1.0666666666666667
2025-09-22 15:58:05,40,2025-09-22 15:58:18,2025-09-22 16:00:43,0.21666666666666667,2.4166666666666665
2025-09-22 15:58:21,18,2025-09-22 15:58:21,2025-09-22 15:59:40,0.0,1.3166666666666667
2025-09-22 15:58:32,24,2025-09-22 15:58:48,2025-09-22 16:00:38,0.26666666666666666,1.8333333333333333
2025-09-22 15:58:54,34,2025-09-22 15:59:12,2025-09-22 16:01:28,0.3,2.2666666666666666
2025-09-22 16:00:35,29,2025-09-22 16:00:35,2025-09-22 16:02:25,0.0,1.8333333333333333
2025-09-22 16:01:25,13,2025-09-22 16:01:25,2025-09-22 16:02:37,0.0,1.2
2025-09-22 16:03:19,68,2025-09-22 16:03:19,2025-09-22 16:07:12,0.0,3.8833333333333333
2025-09-22 16:04:15,50,2025-09-22 16:04:15,2025-09-22 16:07:08,0.0,2.8833333333333333
2025-09-22 16:04:39,73,2025-09-22 16:04:39,2025-09-22 16:08:54,0.0,4.25
2025-09-22 16:04:48,10,2025-09-22 16:04:48,2025-09-22 16:05:50,0.0,1.0333333333333334
2025-09-22 16:06:16,13,2025-09-22 16:06:16,2025-09-22 16:07:23,0.0,1.1166666666666667
2025-09-22 16:06:38,36,2025-09-22 16:06:38,2025-09-22 16:08:56,0.0,2.3
2025-09-22 16:06:55,48,2025-09-22 16:07:08,2025-09-22 16:10:09,0.21666666666666667,3.0166666666666666
2025-09-22 16:06:56,38,2025-09-22 16:07:12,2025-09-22 16:09:43,0.26666666666666666,2.5166666666666666
2025-09-22 16:07:36,62,2025-09-22 16:07:36,2025-09-22 16:11:08,0.0,3.533333333333333
2025-09-22 16:07:40,30,2025-09-22 16:08:54,2025-09-22 16:11:03,1.2333333333333334,2.15
2025-09-22 16:07:55,65,2025-09-22 16:08:56,2025-09-22 16:12:34,1.0166666666666666,3.6333333333333333
2025-09-22 16:10:19,57,2025-09-22 16:10:19,2025-09-22 16:13:31,0.0,3.2
2025-09-22 16:12:35,22,2025-09-22 16:12:35,2025-09-22 16:14:09,0.0,1.5666666666666667
2025-09-22 16:13:13,12,2025-09-22 16:13:13,2025-09-22 16:14:25,0.0,1.2
2025-09-22 16:13:24,64,2025-09-22 16:13:24,2025-09-22 16:17:13,0.0,3.816666666666667
2025-09-22 16:13:26,37,2025-09-22 16:13:26,2025-09-22 16:15:53,0.0,2.45
2025-09-22 16:14:06,21,2025-09-22 16:14:06,2025-09-22 16:15:39,0.0,1.55
2025-09-22 16:14:16,54,2025-09-22 16:14:16,2025-09-22 16:17:37,0.0,3.35
2025-09-22 16:14:48,29,2025-09-22 16:14:48,2025-09-22 16:16:41,0.0,1.8833333333333333
2025-09-22 16:15:24,45,2025-09-22 16:15:39,2025-09-22 16:18:20,0.25,2.683333333333333
2025-09-22 16:16:26,4,2025-09-22 16:16:26,2025-09-22 16:17:06,0.0,0.6666666666666666
2025-09-22 16:17:52,52,2025-09-22 16:17:52,2025-09-22 16:21:01,0.0,3.15
2025-09-22 16:18:05,20,2025-09-22 16:18:05,2025-09-22 16:19:30,0.0,1.4166666666666667
2025-09-22 16:18:35,43,2025-09-22 16:18:35,2025-09-22 16:21:17,0.0,2.7
2025-09-22 16:18:44,61,2025-09-22 16:18:44,2025-09-22 16:22:08,0.0,3.4
2025-09-22 16:18:56,67,2025-09-22 16:18:56,2025-09-22 16:22:42,0.0,3.7666666666666666
2025-09-22 16:19:20,24,2025-09-22 16:19:30,2025-09-22 16:21:02,0.16666666666666666,1.5333333333333334
2025-09-22 16:19:24,22,2025-09-22 16:21:01,2025-09-22 16:22:31,1.6166666666666667,1.5
2025-09-22 16:19:35,6,2025-09-22 16:21:02,2025-09-22 16:21:45,1.45,0.7166666666666667
2025-09-22 16:22:08,25,2025-09-22 16:22:08,2025-09-22 16:23:53,0.0,1.75
2025-09-22 16:22:22,20,2025-09-22 16:22:22,2025-09-22 16:23:54,0.0,1.5333333333333334
2025-09-22 16:23:04,4,2025-09-22 16:23:04,2025-09-22 16:23:46,0.0,0.7
2025-09-22 16:24:03,34,2025-09-22 16:24:03,2025-09-22 16:26:15,0.0,2.2
2025-09-22 16:25:28,69,2025-09-22 16:25:28,2025-09-22 16:29:32,0.0,4.066666666666666
2025-09-22 16:26:41,15,2025-09-22 16:26:41,2025-09-22 16:27:59,0.0,1.3
2025-09-22 16:28:18,2,2025-09-22 16:28:18,2025-09-22 16:28:48,0.0,0.5
2025-09-22 16:28:45,68,2025-09-22 16:28:45,2025-09-22 16:32:31,0.0,3.7666666666666666
2025-09-22 16:28:49,27,2025-09-22 16:28:49,2025-09-22 16:30:46,0.0,1.95
2025-09-22 16:29:36,66,2025-09-22 16:29:36,2025-09-22 16:33:24,0.0,3.8
2025-09-22 16:29:48,54,2025-09-22 16:29:48,2025-09-22 16:33:08,0.0,3.3333333333333335
2025-09-22 16:33:20,71,2025-09-22 16:33:20,2025-09-22 16:37:31,0.0,4.183333333333334
2025-09-22 16:33:22,52,2025-09-22 16:33:22,2025-09-22 16:36:27,0.0,3.0833333333333335
2025-09-22 16:33:31,14,2025-09-22 16:33:31,2025-09-22 16:34:37,0.0,1.1
2025-09-22 16:34:49,48,2025-09-22 16:34:49,2025-09-22 16:37:47,0.0,2.966666666666667
2025-09-22 16:35:06,6,2025-09-22 16:35:06,2025-09-22 16:35:48,0.0,0.7
2025-09-22 16:35:46,18,2025-09-22 16:35:46,2025-09-22 16:37:17,0.0,1.5166666666666666
2025-09-22 16:35:56,19,2025-09-22 16:35:56,2025-09-22 16:37:21,0.0,1.4166666666666667
2025-09-22 16:36:17,64,2025-09-22 16:36:27,2025-09-22 16:40:07,0.16666666666666666,3.6666666666666665
2025-09-22 16:36:44,39,2025-09-22 16:37:17,2025-09-22 16:39:37,0.55,2.3333333333333335
2025-09-22 16:37:23,45,2025-09-22 16:37:23,2025-09-22 16:39:58,0.0,2.5833333333333335
2025-09-22 16:38:30,61,2025-09-22 16:38:30,2025-09-22 16:41:56,0.0,3.433333333333333
2025-09-22 16:41:23,35,2025-09-22 16:41:23,2025-09-22 16:43:36,0.0,2.216666666666667
2025-09-22 16:41:38,48,2025-09-22 16:41:38,2025-09-22 16:44:31,0.0,2.8833333333333333
2025-09-22 16:41:43,61,2025-09-22 16:41:43,2025-09-22 16:45:17,0.0,3.566666666666667
2025-09-22 16:41:55,5,2025-09-22 16:41:55,2025-09-22 16:42:33,0.0,0.6333333333333333
2025-09-22 16:42:41,39,2025-09-22 16:42:41,2025-09-22 16:45:05,0.0,2.4
2025-09-22 16:42:53,70,2025-09-22 16:42:53,2025-09-22 16:47:00,0.0,4.116666666666666
2025-09-22 16:43:13,4,2025-09-22 16:43:36,2025-09-22 16:44:16,0.38333333333333336,0.6666666666666666
2025-09-22 16:43:54,39,2025-09-22 16:44:16,2025-09-22 16:46:44,0.36666666666666664,2.466666666666667
2025-09-22 16:45:51,7,2025-09-22 16:45:51,2025-09-22 16:46:42,0.0,0.85
2025-09-22 16:46:36,42,2025-09-22 16:46:36,2025-09-22 16:49:14,0.0,2.6333333333333333
2025-09-22 16:48:20,47,2025-09-22 16:48:20,2025-09-22 16:51:10,0.0,2.8333333333333335
2025-09-22 16:49:06,32,2025-09-22 16:49:06,2025-09-22 16:51:20,0.0,2.2333333333333334
2025-09-22 16:49:26,6,2025-09-22 16:49:26,2025-09-22 16:50:10,0.0,0.7333333333333333
2025-09-22 16:49:28,36,2025-09-22 16:49:28,2025-09-22 16:51:36,0.0,2.1333333333333333
2025-09-22 16:50:40,17,2025-09-22 16:50:40,2025-09-22 16:52:10,0.0,1.5
2025-09-22 16:50:55,67,2025-09-22 16:50:55,2025-09-22 16:54:46,0.0,3.85
2025-09-22 16:52:50,30,2025-09-22 16:52:50,2025-09-22 16:54:43,0.0,1.8833333333333333
2025-09-22 16:53:42,39,2025-09-22 16:53:42,2025-09-22 16:56:17,0.0,2.5833333333333335
2025-09-22 16:56:24,31,2025-09-22 16:56:24,2025-09-22 16:58:36,0.0,2.2
2025-09-22 16:57:30,48,2025-09-22 16:57:30,2025-09-22 17:00:16,0.0,2.7666666666666666
2025-09-22 16:58:02,52,2025-09-22 16:58:02,2025-09-22 17:01:10,0.0,3.1333333333333333
2025-09-22 16:59:12,39,2025-09-22 16:59:12,2025-09-22 17:01:34,0.0,2.3666666666666667
2025-09-22 16:59:54,71,2025-09-22 16:59:54,2025-09-22 17:04:06,0.0,4.2
2025-09-22 17:00:59,25,2025-09-22 17:00:59,2025-09-22 17:02:47,0.0,1.8
2025-09-22 17:01:57,63,2025-09-22 17:01:57,2025-09-22 17:05:26,0.0,3.4833333333333334
2025-09-22 17:03:09,27,2025-09-22 17:03:09,2025-09-22 17:05:04,0.0,1.9166666666666667
2025-09-22 17:03:29,37,2025-09-22 17:03:29,2025-09-22 17:05:53,0.0,2.4
2025-09-22 17:03:34,35,2025-09-22 17:03:34,2025-09-22 17:05:46,0.0,2.2
2025-09-22 17:05:23,47,2025-09-22 17:05:23,2025-09-22 17:08:08,0.0,2.75
2025-09-22 17:09:36,44,2025-09-22 17:09:36,2025-09-22 17:12:24,0.0,2.8
2025-09-22 17:09:40,45,2025-09-22 17:09:40,2025-09-22 17:12:17,0.0,2.6166666666666667
2025-09-22 17:09:58,73,2025-09-22 17:09:58,2025-09-22 17:14:13,0.0,4.25
2025-09-22 17:10:10,39,2025-09-22 17:10:10,2025-09-22 17:12:45,0.0,2.5833333333333335
2025-09-22 17:10:42,64,2025-09-22 17:10:42,2025-09-22 17:14:32,0.0,3.8333333333333335
2025-09-22 17:10:52,30,2025-09-22 17:12:17,2025-09-22 17:14:10,1.4166666666666667,1.8833333333333333
2025-09-22 17:11:21,20,2025-09-22 17:12:24,2025-09-22 17:13:48,1.05,1.4
2025-09-22 17:12:14,24,2025-09-22 17:12:45,2025-09-22 17:14:28,0.5166666666666667,1.7166666666666666
2025-09-22 17:13:43,66,2025-09-22 17:13:48,2025-09-22 17:17:36,0.08333333333333333,3.8
2025-09-22 17:13:45,3,2025-09-22 17:14:10,2025-09-22 17:14:52,0.4166666666666667,0.7
2025-09-22 17:16:19,13,2025-09-22 17:16:19,2025-09-22 17:17:23,0.0,1.0666666666666667
2025-09-22 17:17:25,10,2025-09-22 17:17:25,2025-09-22 17:18:28,0.0,1.05
2025-09-22 17:17:45,25,2025-09-22 17:17:45,2025-09-22 17:19:31,0.0,1.7666666666666666
2025-09-22 17:20:20,33,2025-09-22 17:20:20,2025-09-22 17:22:22,0.0,2.033333333333333
2025-09-22 17:20:48,63,2025-09-22 17:20:48,2025-09-22 17:24:20,0.0,3.533333333333333
2025-09-22 17:20:56,27,2025-09-22 17:20:56,2025-09-22 17:22:44,0.0,1.8
2025-09-22 17:20:56,35,2025-09-22 17:20:56,2025-09-22 17:23:15,0.0,2.316666666666667
2025-09-22 17:21:08,28,2025-09-22 17:21:08,2025-09-22 17:23:04,0.0,1.9333333333333333
2025-09-22 17:21:39,26,2025-09-22 17:22:22,2025-09-22 17:24:13,0.7166666666666667,1.85
2025-09-22 17:21:51,32,2025-09-22 17:22:44,2025-09-22 17:24:56,0.8833333333333333,2.2
2025-09-22 17:23:57,40,2025-09-22 17:23:57,2025-09-22 17:26:29,0.0,2.533333333333333
2025-09-22 17:25:19,16,2025-09-22 17:25:19,2025-09-22 17:26:30,0.0,1.1833333333333333
2025-09-22 17:25:53,39,2025-09-22 17:25:53,2025-09-22 17:28:23,0.0,2.5
2025-09-22 17:26:54,45,2025-09-22 17:26:54,2025-09-22 17:29:48,0.0,2.9
2025-09-22 17:28:32,71,2025-09-22 17:28:32,2025-09-22 17:32:26,0.0,3.9
2025-09-22 17:28:51,1,2025-09-22 17:28:51,2025-09-22 17:29:20,0.0,0.48333333333333334
2025-09-22 17:29:18,52,2025-09-22 17:29:18,2025-09-22 17:32:19,0.0,3.0166666666666666
2025-09-22 17:29:29,2,2025-09-22 17:29:29,2025-09-22 17:30:13,0.0,0.7333333333333333
2025-09-22 17:30:14,68,2025-09-22 17:30:14,2025-09-22 17:34:01,0.0,3.783333333333333
2025-09-22 17:31:58,35,2025-09-22 17:31:58,2025-09-22 17:34:09,0.0,2.183333333333333
2025-09-22 17:32:03,38,2025-09-22 17:32:03,2025-09-22 17:34:35,0.0,2.533333333333333
2025-09-22 17:33:20,66,2025-09-22 17:33:20,2025-09-22 17:37:02,0.0,3.7
2025-09-22 17:33:25,18,2025-09-22 17:33:25,2025-09-22 17:34:54,0.0,1.4833333333333334
2025-09-22 17:34:22,72,2025-09-22 17:34:22,2025-09-22 17:38:19,0.0,3.95
2025-09-22 17:34:46,33,2025-09-22 17:34:46,2025-09-22 17:36:59,0.0,2.216666666666667
2025-09-22 17:34:54,43,2025-09-22 17:34:54,2025-09-22 17:37:32,0.0,2.6333333333333333
2025-09-22 17:36:40,73,2025-09-22 17:36:40,2025-09-22 17:40:54,0.0,4.233333333333333
2025-09-22 17:37:48,20,2025-09-22 17:37:48,2025-09-22 17:39:27,0.0,1.65
2025-09-22 17:38:12,13,2025-09-22 17:38:12,2025-09-22 17:39:18,0.0,1.1
2025-09-22 17:38:59,66,2025-09-22 17:38:59,2025-09-22 17:42:38,0.0,3.65
2025-09-22 17:40:21,33,2025-09-22 17:40:21,2025-09-22 17:42:23,0.0,2.033333333333333
2025-09-22 17:40:34,71,2025-09-22 17:40:34,2025-09-22 17:44:27,0.0,3.8833333333333333
2025-09-22 17:40:40,63,2025-09-22 17:40:40,2025-09-22 17:44:20,0.0,3.6666666666666665
2025-09-22 17:40:43,37,2025-09-22 17:40:54,2025-09-22 17:43:18,0.18333333333333332,2.4
2025-09-22 17:41:46,43,2025-09-22 17:42:23,2025-09-22 17:44:57,0.6166666666666667,2.566666666666667
2025-09-22 17:42:22,54,2025-09-22 17:42:38,2025-09-22 17:45:45,0.26666666666666666,3.1166666666666667
2025-09-22 17:43:40,51,2025-09-22 17:43:40,2025-09-22 17:46:52,0.0,3.2
2025-09-22 17:44:02,20,2025-09-22 17:44:20,2025-09-22 17:45:41,0.3,1.35
2025-09-22 17:46:07,61,2025-09-22 17:46:07,2025-09-22 17:49:44,0.0,3.6166666666666667
2025-09-22 17:47:04,60,2025-09-22 17:47:04,2025-09-22 17:50:34,0.0,3.5
2025-09-22 17:47:27,46,2025-09-22 17:47:27,2025-09-22 17:50:21,0.0,2.9
2025-09-22 17:48:19,60,2025-09-22 17:48:19,2025-09-22 17:51:46,0.0,3.45
2025-09-22 17:48:41,68,2025-09-22 17:48:41,2025-09-22 17:52:44,0.0,4.05
2025-09-22 17:50:30,2,2025-09-22 17:50:30,2025-09-22 17:51:09,0.0,0.65
2025-09-22 17:50:44,50,2025-09-22 17:50:44,2025-09-22 17:53:50,0.0,3.1
2025-09-22 17:50:45,8,2025-09-22 17:50:45,2025-09-22 17:51:30,0.0,0.75
2025-09-22 17:51:16,11,2025-09-22 17:51:16,2025-09-22 17:52:24,0.0,1.1333333333333333
2025-09-22 17:51:52,42,2025-09-22 17:51:52,2025-09-22 17:54:31,0.0,2.65
2025-09-22 17:53:21,42,2025-09-22 17:53:21,2025-09-22 17:56:05,0.0,2.7333333333333334
2025-09-22 17:54:27,23,2025-09-22 17:54:27,2025-09-22 17:56:09,0.0,1.7
2025-09-22 17:56:52,57,2025-09-22 17:56:52,2025-09-22 18:00:18,0.0,3.433333333333333
2025-09-22 17:57:11,46,2025-09-22 17:57:11,2025-09-22 18:00:02,0.0,2.85
2025-09-22 17:58:48,36,2025-09-22 17:58:48,2025-09-22 18:01:14,0.0,2.433333333333333
2025-09-22 17:59:35,56,2025-09-22 17:59:35,2025-09-22 18:02:48,0.0,3.216666666666667
2025-09-22 17:59:37,17,2025-09-22 17:59:37,2025-09-22 18:00:58,0.0,1.35
2025-09-22 17:59:37,33,2025-09-22 18:00:02,2025-09-22 18:02:17,0.4166666666666667,2.25
2025-09-22 17:59:58,34,2025-09-22 18:00:18,2025-09-22 18:02:27,0.3333333333333333,2.15
2025-09-22 18:00:36,60,2025-09-22 18:00:58,2025-09-22 18:04:32,0.36666666666666664,3.566666666666667
2025-09-22 18:00:39,37,2025-09-22 18:01:14,2025-09-22 18:03:42,0.5833333333333334,2.466666666666667
2025-09-22 18:01:48,27,2025-09-22 18:02:17,2025-09-22 18:04:17,0.48333333333333334,2.0
2025-09-22 18:03:16,28,2025-09-22 18:03:16,2025-09-22 18:05:18,0.0,2.033333333333333
2025-09-22 18:04:49,8,2025-09-22 18:04:49,2025-09-22 18:05:48,0.0,0.9833333333333333
2025-09-22 18:05:52,46,2025-09-22 18:05:52,2025-09-22 18:08:44,0.0,2.8666666666666667
2025-09-22 18:06:27,29,2025-09-22 18:06:27,2025-09-22 18:08:30,0.0,2.05
2025-09-22 18:06:41,14,2025-09-22 18:06:41,2025-09-22 18:07:53,0.0,1.2
2025-09-22 18:06:48,14,2025-09-22 18:06:48,2025-09-22 18:07:52,0.0,1.0666666666666667
2025-09-22 18:06:56,6,2025-09-22 18:06:56,2025-09-22 18:07:42,0.0,0.7666666666666667
2025-09-22 18:07:10,69,2025-09-22 18:07:42,2025-09-22 18:11:45,0.5333333333333333,4.05
2025-09-22 18:07:45,46,2025-09-22 18:07:52,2025-09-22 18:10:46,0.11666666666666667,2.9
2025-09-22 18:08:03,10,2025-09-22 18:08:03,2025-09-22 18:09:10,0.0,1.1166666666666667
2025-09-22 18:08:27,49,2025-09-22 18:08:30,2025-09-22 18:11:27,0.05,2.95
2025-09-22 18:11:52,52,2025-09-22 18:11:52,2025-09-22 18:15:02,0.0,3.1666666666666665
2025-09-22 18:12:41,57,2025-09-22 18:12:41,2025-09-22 18:15:53,0.0,3.2
2025-09-22 18:13:18,66,2025-09-22 18:13:18,2025-09-22 18:16:58,0.0,3.6666666666666665
2025-09-22 18:14:55,73,2025-09-22 18:14:55,2025-09-22 18:19:07,0.0,4.2
2025-09-22 18:15:39,65,2025-09-22 18:15:39,2025-09-22 18:19:24,0.0,3.75
2025-09-22 18:15:41,24,2025-09-22 18:15:41,2025-09-22 18:17:14,0.0,1.55
2025-09-22 18:16:41,60,2025-09-22 18:16:41,2025-09-22 18:20:16,0.0,3.5833333333333335
2025-09-22 18:17:05,50,2025-09-22 18:17:05,2025-09-22 18:20:02,0.0,2.95
2025-09-22 18:21:01,69,2025-09-22 18:21:01,2025-09-22 18:24:57,0.0,3.933333333333333
2025-09-22 18:21:05,47,2025-09-22 18:21:05,2025-09-22 18:23:52,0.0,2.783333333333333
2025-09-22 18:24:56,1,2025-09-22 18:24:56,2025-09-22 18:25:22,0.0,0.43333333333333335
2025-09-22 18:26:50,64,2025-09-22 18:26:50,2025-09-22 18:30:32,0.0,3.7
2025-09-22 18:27:06,71,2025-09-22 18:27:06,2025-09-22 18:31:06,0.0,4.0
2025-09-22 18:28:47,36,2025-09-22 18:28:47,2025-09-22 18:31:09,0.0,2.3666666666666667
2025-09-22 18:30:13,69,2025-09-22 18:30:13,2025-09-22 18:34:12,0.0,3.9833333333333334
2025-09-22 18:30:44,23,2025-09-22 18:30:44,2025-09-22 18:32:20,0.0,1.6
2025-09-22 18:31:08,64,2025-09-22 18:31:08,2025-09-22 18:34:59,0.0,3.85
2025-09-22 18:31:10,37,2025-09-22 18:31:10,2025-09-22 18:33:26,0.0,2.2666666666666666
2025-09-22 18:31:11,44,2025-09-22 18:31:11,2025-09-22 18:33:54,0.0,2.716666666666667
2025-09-22 18:31:13,59,2025-09-22 18:32:20,2025-09-22 18:35:40,1.1166666666666667,3.3333333333333335
2025-09-22 18:34:52,63,2025-09-22 18:34:52,2025-09-22 18:38:40,0.0,3.8
2025-09-22 18:36:05,8,2025-09-22 18:36:05,2025-09-22 18:36:51,0.0,0.7666666666666667
2025-09-22 18:37:14,46,2025-09-22 18:37:14,2025-09-22 18:40:05,0.0,2.85
2025-09-22 18:38:13,5,2025-09-22 18:38:13,2025-09-22 18:38:51,0.0,0.6333333333333333
2025-09-22 18:38:17,68,2025-09-22 18:38:17,2025-09-22 18:42:09,0.0,3.8666666666666667
2025-09-22 18:38:49,41,2025-09-22 18:38:49,2025-09-22 18:41:22,0.0,2.55
2025-09-22 18:38:51,3,2025-09-22 18:38:51,2025-09-22 18:39:22,0.0,0.5166666666666667
2025-09-22 18:39:21,41,2025-09-22 18:39:21,2025-09-22 18:41:46,0.0,2.4166666666666665
2025-09-22 18:41:31,65,2025-09-22 18:41:31,2025-09-22 18:45:15,0.0,3.7333333333333334
2025-09-22 18:41:50,71,2025-09-22 18:41:50,2025-09-22 18:46:01,0.0,4.183333333333334
2025-09-22 18:42:05,3,2025-09-22 18:42:05,2025-09-22 18:42:49,0.0,0.7333333333333333
2025-09-22 18:42:15,55,2025-09-22 18:42:15,2025-09-22 18:45:37,0.0,3.3666666666666667
2025-09-22 18:43:02,17,2025-09-22 18:43:02,2025-09-22 18:44:27,0.0,1.4166666666666667
2025-09-22 18:43:36,41,2025-09-22 18:43:36,2025-09-22 18:46:05,0.0,2.4833333333333334
2025-09-22 18:45:11,21,2025-09-22 18:45:11,2025-09-22 18:46:50,0.0,1.65
2025-09-22 18:47:50,39,2025-09-22 18:47:50,2025-09-22 18:50:09,0.0,2.316666666666667
2025-09-22 18:48:31,45,2025-09-22 18:48:31,2025-09-22 18:51:08,0.0,2.6166666666666667
2025-09-22 18:48:53,52,2025-09-22 18:48:53,2025-09-22 18:52:05,0.0,3.2
2025-09-22 18:49:53,1,2025-09-22 18:49:53,2025-09-22 18:50:23,0.0,0.5
2025-09-22 18:51:29,22,2025-09-22 18:51:29,2025-09-22 18:53:04,0.0,1.5833333333333333
2025-09-22 18:52:30,20,2025-09-22 18:52:30,2025-09-22 18:54:04,0.0,1.5666666666666667
2025-09-22 18:53:20,74,2025-09-22 18:53:20,2025-09-22 18:57:36,0.0,4.266666666666667
2025-09-22 18:54:59,3,2025-09-22 18:54:59,2025-09-22 18:55:29,0.0,0.5
2025-09-22 18:55:04,46,2025-09-22 18:55:04,2025-09-22 18:57:53,0.0,2.816666666666667
2025-09-22 18:55:36,18,2025-09-22 18:55:36,2025-09-22 18:57:02,0.0,1.4333333333333333
2025-09-22 18:55:45,17,2025-09-22 18:55:45,2025-09-22 18:57:05,0.0,1.3333333333333333
2025-09-22 18:56:00,38,2025-09-22 18:56:00,2025-09-22 18:58:14,0.0,2.2333333333333334
2025-09-22 18:56:39,12,2025-09-22 18:57:02,2025-09-22 18:58:13,0.38333333333333336,1.1833333333333333
2025-09-22 18:56:45,55,2025-09-22 18:57:05,2025-09-22 19:00:16,0.3333333333333333,3.183333333333333
2025-09-22 18:56:48,19,2025-09-22 18:57:36,2025-09-22 18:58:56,0.8,1.3333333333333333
2025-09-22 18:56:51,60,2025-09-22 18:57:53,2025-09-22 19:01:23,1.0333333333333334,3.5
2025-09-22 18:57:12,71,2025-09-22 18:58:13,2025-09-22 19:02:18,1.0166666666666666,4.083333333333333
2025-09-22 18:57:12,73,2025-09-22 18:58:14,2025-09-22 19:02:21,1.0333333333333334,4.116666666666666
2025-09-22 18:58:18,37,2025-09-22 18:58:56,2025-09-22 19:01:26,0.6333333333333333,2.5
2025-09-22 19:00:04,73,2025-09-22 19:00:16,2025-09-22 19:04:25,0.2,4.15
2025-09-22 19:00:52,9,2025-09-22 19:01:23,2025-09-22 19:02:12,0.5166666666666667,0.8166666666666667
2025-09-22 19:01:29,21,2025-09-22 19:01:29,2025-09-22 19:02:56,0.0,1.45
2025-09-22 19:01:50,36,2025-09-22 19:02:12,2025-09-22 19:04:26,0.36666666666666664,2.2333333333333334
2025-09-22 19:03:50,70,2025-09-22 19:03:50,2025-09-22 19:07:44,0.0,3.9
2025-09-22 19:04:24,45,2025-09-22 19:04:24,2025-09-22 19:07:13,0.0,2.816666666666667
2025-09-22 19:04:35,41,2025-09-22 19:04:35,2025-09-22 19:07:16,0.0,2.683333333333333
2025-09-22 19:04:37,20,2025-09-22 19:04:37,2025-09-22 19:06:03,0.0,1.4333333333333333
2025-09-22 19:04:37,16,2025-09-22 19:04:37,2025-09-22 19:06:01,0.0,1.4
2025-09-22 19:04:44,63,2025-09-22 19:06:01,2025-09-22 19:09:49,1.2833333333333334,3.8
2025-09-22 19:05:00,54,2025-09-22 19:06:03,2025-09-22 19:09:06,1.05,3.05
2025-09-22 19:05:45,39,2025-09-22 19:07:13,2025-09-22 19:09:37,1.4666666666666666,2.4
2025-09-22 19:05:51,2,2025-09-22 19:07:16,2025-09-22 19:07:42,1.4166666666666667,0.43333333333333335
2025-09-22 19:08:31,21,2025-09-22 19:08:31,2025-09-22 19:10:01,0.0,1.5
2025-09-22 19:09:20,45,2025-09-22 19:09:20,2025-09-22 19:12:06,0.0,2.7666666666666666
2025-09-22 19:09:35,2,2025-09-22 19:09:35,2025-09-22 19:10:03,0.0,0.4666666666666667
2025-09-22 19:09:57,51,2025-09-22 19:09:57,2025-09-22 19:12:59,0.0,3.033333333333333
2025-09-22 19:11:14,72,2025-09-22 19:11:14,2025-09-22 19:15:20,0.0,4.1
2025-09-22 19:12:01,16,2025-09-22 19:12:01,2025-09-22 19:13:26,0.0,1.4166666666666667
2025-09-22 19:12:41,9,2025-09-22 19:12:41,2025-09-22 19:13:29,0.0,0.8
2025-09-22 19:13:11,50,2025-09-22 19:13:11,2025-09-22 19:16:05,0.0,2.9
2025-09-22 19:14:00,4,2025-09-22 19:14:00,2025-09-22 19:14:32,0.0,0.5333333333333333
2025-09-22 19:15:54,56,2025-09-22 19:15:54,2025-09-22 19:19:17,0.0,3.3833333333333333
2025-09-22 19:16:20,37,2025-09-22 19:16:20,2025-09-22 19:18:43,0.0,2.3833333333333333
2025-09-22 19:16:57,32,2025-09-22 19:16:57,2025-09-22 19:19:03,0.0,2.1
2025-09-22 19:17:20,8,2025-09-22 19:17:20,2025-09-22 19:18:18,0.0,0.9666666666666667
2025-09-22 19:19:25,48,2025-09-22 19:19:25,2025-09-22 19:22:11,0.0,2.7666666666666666
2025-09-22 19:20:45,56,2025-09-22 19:20:45,2025-09-22 19:24:00,0.0,3.25
2025-09-22 19:21:10,30,2025-09-22 19:21:10,2025-09-22 19:23:03,0.0,1.8833333333333333
2025-09-22 19:21:26,10,2025-09-22 19:21:26,2025-09-22 19:22:22,0.0,0.9333333333333333
2025-09-22 19:22:14,12,2025-09-22 19:22:14,2025-09-22 19:23:26,0.0,1.2
2025-09-22 19:23:37,1,2025-09-22 19:23:37,2025-09-22 19:24:11,0.0,0.5666666666666667
2025-09-22 19:25:04,55,2025-09-22 19:25:04,2025-09-22 19:28:28,0.0,3.4
2025-09-22 19:25:21,48,2025-09-22 19:25:21,2025-09-22 19:28:22,0.0,3.0166666666666666
2025-09-22 19:25:27,18,2025-09-22 19:25:27,2025-09-22 19:26:43,0.0,1.2666666666666666
2025-09-22 19:25:48,26,2025-09-22 19:25:48,2025-09-22 19:27:26,0.0,1.6333333333333333
2025-09-22 19:28:06,49,2025-09-22 19:28:06,2025-09-22 19:31:07,0.0,3.0166666666666666
2025-09-22 19:28:40,66,2025-09-22 19:28:40,2025-09-22 19:32:22,0.0,3.7
2025-09-22 19:28:45,70,2025-09-22 19:28:45,2025-09-22 19:32:35,0.0,3.8333333333333335
2025-09-22 19:30:25,2,2025-09-22 19:30:25,2025-09-22 19:31:07,0.0,0.7
2025-09-22 19:32:06,74,2025-09-22 19:32:06,2025-09-22 19:36:13,0.0,4.116666666666666
2025-09-22 19:32:06,48,2025-09-22 19:32:06,2025-09-22 19:34:52,0.0,2.7666666666666666
2025-09-22 19:32:50,71,2025-09-22 19:32:50,2025-09-22 19:36:50,0.0,4.0
2025-09-22 19:33:42,11,2025-09-22 19:33:42,2025-09-22 19:34:53,0.0,1.1833333333333333
2025-09-22 19:33:49,5,2025-09-22 19:33:49,2025-09-22 19:34:31,0.0,0.7
2025-09-22 19:34:27,13,2025-09-22 19:34:31,2025-09-22 19:35:38,0.06666666666666667,1.1166666666666667
2025-09-22 19:34:41,40,2025-09-22 19:34:52,2025-09-22 19:37:19,0.18333333333333332,2.45
2025-09-22 19:34:44,6,2025-09-22 19:34:53,2025-09-22 19:35:41,0.15,0.8
2025-09-22 19:37:31,28,2025-09-22 19:37:31,2025-09-22 19:39:15,0.0,1.7333333333333334
2025-09-22 19:37:55,16,2025-09-22 19:37:55,2025-09-22 19:39:14,0.0,1.3166666666666667
2025-09-22 19:38:39,71,2025-09-22 19:38:39,2025-09-22 19:42:49,0.0,4.166666666666667
2025-09-22 19:39:12,65,2025-09-22 19:39:12,2025-09-22 19:42:47,0.0,3.5833333333333335
2025-09-22 19:40:06,64,2025-09-22 19:40:06,2025-09-22 19:43:42,0.0,3.6
2025-09-22 19:40:31,15,2025-09-22 19:40:31,2025-09-22 19:41:38,0.0,1.1166666666666667
2025-09-22 19:40:38,44,2025-09-22 19:40:38,2025-09-22 19:43:19,0.0,2.683333333333333
2025-09-22 19:40:59,17,2025-09-22 19:41:38,2025-09-22 19:42:50,0.65,1.2
2025-09-22 19:41:38,26,2025-09-22 19:42:47,2025-09-22 19:44:32,1.15,1.75
2025-09-22 19:41:55,5,2025-09-22 19:42:49,2025-09-22 19:43:43,0.9,0.9
2025-09-22 19:43:18,6,2025-09-22 19:43:18,2025-09-22 19:44:06,0.0,0.8
2025-09-22 19:43:25,25,2025-09-22 19:43:25,2025-09-22 19:45:02,0.0,1.6166666666666667
2025-09-22 19:46:31,62,2025-09-22 19:46:31,2025-09-22 19:49:58,0.0,3.45
2025-09-22 19:46:42,42,2025-09-22 19:46:42,2025-09-22 19:49:25,0.0,2.716666666666667
2025-09-22 19:47:05,27,2025-09-22 19:47:05,2025-09-22 19:48:55,0.0,1.8333333333333333
2025-09-22 19:49:50,74,2025-09-22 19:49:50,2025-09-22 19:54:03,0.0,4.216666666666667
2025-09-22 19:49:58,51,2025-09-22 19:49:58,2025-09-22 19:53:03,0.0,3.0833333333333335
2025-09-22 19:50:12,32,2025-09-22 19:50:12,2025-09-22 19:52:14,0.0,2.033333333333333
2025-09-22 19:50:28,73,2025-09-22 19:50:28,2025-09-22 19:54:39,0.0,4.183333333333334
2025-09-22 19:50:44,58,2025-09-22 19:50:44,2025-09-22 19:54:17,0.0,3.55
2025-09-22 19:51:06,66,2025-09-22 19:52:14,2025-09-22 19:56:06,1.1333333333333333,3.8666666666666667
2025-09-22 19:52:57,57,2025-09-22 19:53:03,2025-09-22 19:56:19,0.1,3.2666666666666666
2025-09-22 19:53:25,69,2025-09-22 19:54:03,2025-09-22 19:57:56,0.6333333333333333,3.8833333333333333
2025-09-22 19:54:37,24,2025-09-22 19:54:37,2025-09-22 19:56:18,0.0,1.6833333333333333
2025-09-22 19:56:21,26,2025-09-22 19:56:21,2025-09-22 19:58:12,0.0,1.85
2025-09-22 19:56:24,64,2025-09-22 19:56:24,2025-09-22 19:59:57,0.0,3.55
2025-09-22 19:56:43,70,2025-09-22 19:56:43,2025-09-22 20:00:35,0.0,3.8666666666666667
2025-09-22 19:57:35,61,2025-09-22 19:57:35,2025-09-22 20:01:02,0.0,3.45
2025-09-22 19:57:53,60,2025-09-22 19:57:56,2025-09-22 20:01:30,0.05,3.566666666666667
2025-09-22 19:58:05,67,2025-09-22 19:58:12,2025-09-22 20:01:59,0.11666666666666667,3.783333333333333
2025-09-22 19:58:29,67,2025-09-22 19:59:57,2025-09-22 20:03:42,1.4666666666666666,3.75
2025-09-22 20:02:10,73,2025-09-22 20:02:10,2025-09-22 20:06:19,0.0,4.15
2025-09-22 20:04:25,71,2025-09-22 20:04:25,2025-09-22 20:08:26,0.0,4.016666666666667
2025-09-22 20:05:23,29,2025-09-22 20:05:23,2025-09-22 20:07:10,0.0,1.7833333333333334
2025-09-22 20:05:44,16,2025-09-22 20:05:44,2025-09-22 20:06:58,0.0,1.2333333333333334
2025-09-22 20:05:55,53,2025-09-22 20:05:55,2025-09-22 20:08:57,0.0,3.033333333333333
2025-09-22 20:06:31,52,2025-09-22 20:06:31,2025-09-22 20:09:40,0.0,3.15
2025-09-22 20:06:47,66,2025-09-22 20:06:58,2025-09-22 20:10:53,0.18333333333333332,3.9166666666666665
2025-09-22 20:08:35,19,2025-09-22 20:08:35,2025-09-22 20:09:59,0.0,1.4
2025-09-22 20:08:50,71,2025-09-22 20:08:50,2025-09-22 20:12:44,0.0,3.9
2025-09-22 20:11:31,69,2025-09-22 20:11:31,2025-09-22 20:15:26,0.0,3.9166666666666665
2025-09-22 20:11:43,31,2025-09-22 20:11:43,2025-09-22 20:13:38,0.0,1.9166666666666667
2025-09-22 20:11:56,2,2025-09-22 20:11:56,2025-09-22 20:12:28,0.0,0.5333333333333333
2025-09-22 20:13:32,37,2025-09-22 20:13:32,2025-09-22 20:15:58,0.0,2.433333333333333
2025-09-22 20:13:39,6,2025-09-22 20:13:39,2025-09-22 20:14:20,0.0,0.6833333333333333
2025-09-22 20:14:24,20,2025-09-22 20:14:24,2025-09-22 20:16:00,0.0,1.6
2025-09-22 20:16:56,31,2025-09-22 20:16:56,2025-09-22 20:19:04,0.0,2.1333333333333333
2025-09-22 20:17:28,16,2025-09-22 20:17:28,2025-09-22 20:18:54,0.0,1.4333333333333333
2025-09-22 20:17:28,35,2025-09-22 20:17:28,2025-09-22 20:19:42,0.0,2.2333333333333334
2025-09-22 20:17:57,10,2025-09-22 20:17:57,2025-09-22 20:19:02,0.0,1.0833333333333333
2025-09-22 20:18:13,26,2025-09-22 20:18:13,2025-09-22 20:20:04,0.0,1.85
2025-09-22 20:18:15,9,2025-09-22 20:18:54,2025-09-22 20:19:59,0.65,1.0833333333333333
2025-09-22 20:18:23,37,2025-09-22 20:19:02,2025-09-22 20:21:24,0.65,2.3666666666666667
2025-09-22 20:19:12,54,2025-09-22 20:19:12,2025-09-22 20:22:22,0.0,3.1666666666666665
2025-09-22 20:20:18,27,2025-09-22 20:20:18,2025-09-22 20:22:07,0.0,1.8166666666666667
2025-09-22 20:20:27,53,2025-09-22 20:20:27,2025-09-22 20:23:26,0.0,2.9833333333333334
2025-09-22 20:20:39,67,2025-09-22 20:20:39,2025-09-22 20:24:24,0.0,3.75
2025-09-22 20:20:51,17,2025-09-22 20:21:24,2025-09-22 20:22:35,0.55,1.1833333333333333
2025-09-22 20:20:56,63,2025-09-22 20:22:07,2025-09-22 20:25:42,1.1833333333333333,3.5833333333333335
2025-09-22 20:21:33,5,2025-09-22 20:22:22,2025-09-22 20:23:00,0.8166666666666667,0.6333333333333333
2025-09-22 20:21:42,6,2025-09-22 20:22:35,2025-09-22 20:23:19,0.8833333333333333,0.7333333333333333
2025-09-22 20:21:59,46,2025-09-22 20:23:00,2025-09-22 20:25:54,1.0166666666666666,2.9
2025-09-22 20:22:01,31,2025-09-22 20:23:19,2025-09-22 20:25:28,1.3,2.15
2025-09-22 20:22:12,69,2025-09-22 20:23:26,2025-09-22 20:27:18,1.2333333333333334,3.8666666666666667
2025-09-22 20:23:02,30,2025-09-22 20:24:24,2025-09-22 20:26:29,1.3666666666666667,2.0833333333333335
2025-09-22 20:24:21,38,2025-09-22 20:25:28,2025-09-22 20:28:00,1.1166666666666667,2.533333333333333
2025-09-22 20:24:56,48,2025-09-22 20:25:42,2025-09-22 20:28:42,0.7666666666666667,3.0
2025-09-22 20:28:01,31,2025-09-22 20:28:01,2025-09-22 20:30:07,0.0,2.1
2025-09-22 20:29:22,10,2025-09-22 20:29:22,2025-09-22 20:30:22,0.0,1.0
2025-09-22 20:30:25,19,2025-09-22 20:30:25,2025-09-22 20:31:58,0.0,1.55
2025-09-22 20:30:30,52,2025-09-22 20:30:30,2025-09-22 20:33:34,0.0,3.066666666666667
2025-09-22 20:30:42,63,2025-09-22 20:30:42,2025-09-22 20:34:28,0.0,3.7666666666666666
2025-09-22 20:31:10,48,2025-09-22 20:31:10,2025-09-22 20:34:09,0.0,2.9833333333333334
2025-09-22 20:33:21,28,2025-09-22 20:33:21,2025-09-22 20:35:18,0.0,1.95
2025-09-22 20:34:38,64,2025-09-22 20:34:38,2025-09-22 20:38:14,0.0,3.6
2025-09-22 20:35:29,56,2025-09-22 20:35:29,2025-09-22 20:38:49,0.0,3.3333333333333335
2025-09-22 20:36:43,19,2025-09-22 20:36:43,2025-09-22 20:38:04,0.0,1.35
2025-09-22 20:37:05,51,2025-09-22 20:37:05,2025-09-22 20:39:59,0.0,2.9
2025-09-22 20:37:11,24,2025-09-22 20:37:11,2025-09-22 20:38:51,0.0,1.6666666666666667
2025-09-22 20:37:16,18,2025-09-22 20:38:04,2025-09-22 20:39:19,0.8,1.25
2025-09-22 20:37:35,46,2025-09-22 20:38:14,2025-09-22 20:40:54,0.65,2.6666666666666665
2025-09-22 20:38:56,23,2025-09-22 20:38:56,2025-09-22 20:40:30,0.0,1.5666666666666667
2025-09-22 20:39:28,6,2025-09-22 20:39:28,2025-09-22 20:40:20,0.0,0.8666666666666667
2025-09-22 20:39:48,15,2025-09-22 20:39:48,2025-09-22 20:40:59,0.0,1.1833333333333333
2025-09-22 20:39:49,64,2025-09-22 20:39:59,2025-09-22 20:43:44,0.16666666666666666,3.75
2025-09-22 20:40:30,68,2025-09-22 20:40:30,2025-09-22 20:44:22,0.0,3.8666666666666667
2025-09-22 20:41:14,32,2025-09-22 20:41:14,2025-09-22 20:43:17,0.0,2.05
2025-09-22 20:42:26,32,2025-09-22 20:42:26,2025-09-22 20:44:37,0.0,2.183333333333333
2025-09-22 20:42:59,62,2025-09-22 20:42:59,2025-09-22 20:46:37,0.0,3.6333333333333333
2025-09-22 20:43:15,14,2025-09-22 20:43:17,2025-09-22 20:44:38,0.03333333333333333,1.35
2025-09-22 20:43:27,34,2025-09-22 20:43:44,2025-09-22 20:45:53,0.2833333333333333,2.15
2025-09-22 20:45:13,9,2025-09-22 20:45:13,2025-09-22 20:46:03,0.0,0.8333333333333334
2025-09-22 20:45:59,70,2025-09-22 20:45:59,2025-09-22 20:49:49,0.0,3.8333333333333335
2025-09-22 20:46:21,35,2025-09-22 20:46:21,2025-09-22 20:48:27,0.0,2.1
2025-09-22 20:48:04,57,2025-09-22 20:48:04,2025-09-22 20:51:15,0.0,3.183333333333333
2025-09-22 20:48:41,9,2025-09-22 20:48:41,2025-09-22 20:49:39,0.0,0.9666666666666667
2025-09-22 20:49:31,32,2025-09-22 20:49:31,2025-09-22 20:51:46,0.0,2.25
2025-09-22 20:49:40,10,2025-09-22 20:49:40,2025-09-22 20:50:46,0.0,1.1
2025-09-22 20:49:42,37,2025-09-22 20:49:42,2025-09-22 20:51:56,0.0,2.2333333333333334
2025-09-22 20:50:42,1,2025-09-22 20:50:42,2025-09-22 20:51:08,0.0,0.43333333333333335
2025-09-22 20:52:48,40,2025-09-22 20:52:48,2025-09-22 20:55:18,0.0,2.5
2025-09-22 20:52:51,43,2025-09-22 20:52:51,2025-09-22 20:55:35,0.0,2.7333333333333334
2025-09-22 20:53:17,35,2025-09-22 20:53:17,2025-09-22 20:55:39,0.0,2.3666666666666667
2025-09-22 20:53:22,38,2025-09-22 20:53:22,2025-09-22 20:55:54,0.0,2.533333333333333
2025-09-22 20:55:18,18,2025-09-22 20:55:18,2025-09-22 20:56:34,0.0,1.2666666666666666
2025-09-22 20:55:20,71,2025-09-22 20:55:20,2025-09-22 20:59:28,0.0,4.133333333333334
2025-09-22 20:55:57,38,2025-09-22 20:55:57,2025-09-22 20:58:12,0.0,2.25
2025-09-22 20:57:03,70,2025-09-22 20:57:03,2025-09-22 21:01:08,0.0,4.083333333333333
2025-09-22 20:57:59,1,2025-09-22 20:57:59,2025-09-22 20:58:26,0.0,0.45
2025-09-22 20:58:26,46,2025-09-22 20:58:26,2025-09-22 21:01:20,0.0,2.9
